2026-08-02T00:02:44.863+05:30  INFO 168744 --- [User_Service] [File Watcher] rtingClassPathChangeChangedEventListener : Restarting due to 1 class path change (1 addition, 0 deletions, 0 modifications)
2026-08-02T00:02:44.889+05:30  INFO 168744 --- [User_Service] [Thread-1] o.s.boot.tomcat.GracefulShutdown         : Commencing graceful shutdown. Waiting for active requests to complete
2026-08-02T00:02:44.913+05:30  INFO 168744 --- [User_Service] [tomcat-shutdown] o.s.boot.tomcat.GracefulShutdown         : Graceful shutdown complete
2026-08-02T00:02:44.920+05:30  INFO 168744 --- [User_Service] [Thread-1] j.LocalContainerEntityManagerFactoryBean : Closing JPA EntityManagerFactory for persistence unit 'default'
2026-08-02T00:02:44.920+05:30  INFO 168744 --- [User_Service] [Thread-1] com.zaxxer.hikari.HikariDataSource       : HikariPool-1 - Shutdown initiated...
2026-08-02T00:02:44.937+05:30  INFO 168744 --- [User_Service] [Thread-1] com.zaxxer.hikari.HikariDataSource       : HikariPool-1 - Shutdown completed.
2026-08-02T00:02:45.094+05:30  INFO 168744 --- [User_Service] [restartedMain] c.e.user_service.UserServiceApplication  : Starting UserServiceApplication using Java 21.0.11 with PID 168744 (D:\Dev\Backend\Enterprise_Workspace_Platform\User_Service\target\classes started by Shahid in D:\Dev\Backend\Enterprise_Workspace_Platform)
2026-08-02T00:02:45.097+05:30  INFO 168744 --- [User_Service] [restartedMain] c.e.user_service.UserServiceApplication  : No active profile set, falling back to 1 default profile: "default"
2026-08-02T00:02:45.364+05:30  INFO 168744 --- [User_Service] [restartedMain] .s.d.r.c.RepositoryConfigurationDelegate : Bootstrapping Spring Data JPA repositories in DEFAULT mode.
2026-08-02T00:02:45.381+05:30  INFO 168744 --- [User_Service] [restartedMain] .s.d.r.c.RepositoryConfigurationDelegate : Finished Spring Data repository scanning in 17 ms. Found 1 JPA repository interface.
2026-08-02T00:02:45.564+05:30  INFO 168744 --- [User_Service] [restartedMain] o.s.boot.tomcat.TomcatWebServer          : Tomcat initialized with port 2000 (http)
2026-08-02T00:02:45.567+05:30  INFO 168744 --- [User_Service] [restartedMain] o.apache.catalina.core.StandardService   : Starting service [Tomcat]
2026-08-02T00:02:45.567+05:30  INFO 168744 --- [User_Service] [restartedMain] o.apache.catalina.core.StandardEngine    : Starting Servlet engine: [Apache Tomcat/11.0.22]
2026-08-02T00:02:45.619+05:30  INFO 168744 --- [User_Service] [restartedMain] b.w.c.s.WebApplicationContextInitializer : Root WebApplicationContext: initialization completed in 516 ms
2026-08-02T00:02:45.690+05:30  INFO 168744 --- [User_Service] [restartedMain] org.hibernate.orm.jpa                    : HHH008540: Processing PersistenceUnitInfo [name: default]
2026-08-02T00:02:45.729+05:30  INFO 168744 --- [User_Service] [restartedMain] o.s.o.j.p.SpringPersistenceUnitInfo      : No LoadTimeWeaver setup: ignoring JPA class transformer
2026-08-02T00:02:45.729+05:30  INFO 168744 --- [User_Service] [restartedMain] com.zaxxer.hikari.HikariDataSource       : HikariPool-2 - Starting...
2026-08-02T00:02:45.922+05:30  INFO 168744 --- [User_Service] [restartedMain] com.zaxxer.hikari.pool.HikariPool        : HikariPool-2 - Added connection org.postgresql.jdbc.PgConnection@4c215921
2026-08-02T00:02:45.923+05:30  INFO 168744 --- [User_Service] [restartedMain] com.zaxxer.hikari.HikariDataSource       : HikariPool-2 - Start completed.
2026-08-02T00:02:45.928+05:30  WARN 168744 --- [User_Service] [restartedMain] org.hibernate.orm.deprecation            : HHH90000025: PostgreSQLDialect does not need to be specified explicitly using 'hibernate.dialect' (remove the property setting and it will be selected by default)
2026-08-02T00:02:45.933+05:30  INFO 168744 --- [User_Service] [restartedMain] org.hibernate.orm.connections.pooling    : HHH10001005: Database info:
	Database JDBC URL [jdbc:postgresql://localhost:5432/postgres]
	Database driver: PostgreSQL JDBC Driver
	Database dialect: PostgreSQLDialect
	Database version: 18.4
	Default catalog/schema: postgres/public
	Autocommit mode: undefined/unknown
	Isolation level: READ_COMMITTED [default READ_COMMITTED]
	JDBC fetch size: none
	Pool: DataSourceConnectionProvider
	Minimum pool size: undefined/unknown
	Maximum pool size: undefined/unknown
2026-08-02T00:02:45.973+05:30  INFO 168744 --- [User_Service] [restartedMain] org.hibernate.orm.core                   : HHH000489: No JTA platform available (set 'hibernate.transaction.jta.platform' to enable JTA platform integration)
2026-08-02T00:02:46.001+05:30  INFO 168744 --- [User_Service] [restartedMain] j.LocalContainerEntityManagerFactoryBean : Initialized JPA EntityManagerFactory for persistence unit 'default'
2026-08-02T00:02:46.064+05:30  WARN 168744 --- [User_Service] [restartedMain] JpaBaseConfiguration$JpaWebConfiguration : spring.jpa.open-in-view is enabled by default. Therefore, database queries may be performed during view rendering. Explicitly configure spring.jpa.open-in-view to disable this warning
2026-08-02T00:02:46.132+05:30  INFO 168744 --- [User_Service] [restartedMain] o.s.boot.tomcat.TomcatWebServer          : Tomcat started on port 2000 (http) with context path '/'
2026-08-02T00:02:46.135+05:30  INFO 168744 --- [User_Service] [restartedMain] c.e.user_service.UserServiceApplication  : Started UserServiceApplication in 1.105 seconds (process running for 255.818)
2026-08-02T00:02:46.137+05:30  INFO 168744 --- [User_Service] [restartedMain] .ConditionEvaluationDeltaLoggingListener : Condition evaluation unchanged
2026-08-02T00:02:53.625+05:30  INFO 168744 --- [User_Service] [File Watcher] rtingClassPathChangeChangedEventListener : Restarting due to 1 class path change (0 additions, 1 deletion, 0 modifications)
2026-08-02T00:02:53.630+05:30  INFO 168744 --- [User_Service] [Thread-5] o.s.boot.tomcat.GracefulShutdown         : Commencing graceful shutdown. Waiting for active requests to complete
2026-08-02T00:02:53.647+05:30  INFO 168744 --- [User_Service] [tomcat-shutdown] o.s.boot.tomcat.GracefulShutdown         : Graceful shutdown complete
2026-08-02T00:02:53.647+05:30  INFO 168744 --- [User_Service] [Thread-5] j.LocalContainerEntityManagerFactoryBean : Closing JPA EntityManagerFactory for persistence unit 'default'
2026-08-02T00:02:53.647+05:30  INFO 168744 --- [User_Service] [Thread-5] com.zaxxer.hikari.HikariDataSource       : HikariPool-2 - Shutdown initiated...
2026-08-02T00:02:53.658+05:30  INFO 168744 --- [User_Service] [Thread-5] com.zaxxer.hikari.HikariDataSource       : HikariPool-2 - Shutdown completed.
2026-08-02T00:02:53.770+05:30  INFO 168744 --- [User_Service] [restartedMain] c.e.user_service.UserServiceApplication  : Starting UserServiceApplication using Java 21.0.11 with PID 168744 (D:\Dev\Backend\Enterprise_Workspace_Platform\User_Service\target\classes started by Shahid in D:\Dev\Backend\Enterprise_Workspace_Platform)
2026-08-02T00:02:53.770+05:30  INFO 168744 --- [User_Service] [restartedMain] c.e.user_service.UserServiceApplication  : No active profile set, falling back to 1 default profile: "default"
2026-08-02T00:02:53.993+05:30  INFO 168744 --- [User_Service] [restartedMain] .s.d.r.c.RepositoryConfigurationDelegate : Bootstrapping Spring Data JPA repositories in DEFAULT mode.
2026-08-02T00:02:54.009+05:30  INFO 168744 --- [User_Service] [restartedMain] .s.d.r.c.RepositoryConfigurationDelegate : Finished Spring Data repository scanning in 12 ms. Found 1 JPA repository interface.
2026-08-02T00:02:54.137+05:30  INFO 168744 --- [User_Service] [restartedMain] o.s.boot.tomcat.TomcatWebServer          : Tomcat initialized with port 2000 (http)
2026-08-02T00:02:54.137+05:30  INFO 168744 --- [User_Service] [restartedMain] o.apache.catalina.core.StandardService   : Starting service [Tomcat]
2026-08-02T00:02:54.137+05:30  INFO 168744 --- [User_Service] [restartedMain] o.apache.catalina.core.StandardEngine    : Starting Servlet engine: [Apache Tomcat/11.0.22]
2026-08-02T00:02:54.188+05:30  INFO 168744 --- [User_Service] [restartedMain] b.w.c.s.WebApplicationContextInitializer : Root WebApplicationContext: initialization completed in 418 ms
2026-08-02T00:02:54.248+05:30  INFO 168744 --- [User_Service] [restartedMain] org.hibernate.orm.jpa                    : HHH008540: Processing PersistenceUnitInfo [name: default]
2026-08-02T00:02:54.286+05:30  INFO 168744 --- [User_Service] [restartedMain] o.s.o.j.p.SpringPersistenceUnitInfo      : No LoadTimeWeaver setup: ignoring JPA class transformer
2026-08-02T00:02:54.286+05:30  INFO 168744 --- [User_Service] [restartedMain] com.zaxxer.hikari.HikariDataSource       : HikariPool-3 - Starting...
2026-08-02T00:02:54.514+05:30  INFO 168744 --- [User_Service] [restartedMain] com.zaxxer.hikari.pool.HikariPool        : HikariPool-3 - Added connection org.postgresql.jdbc.PgConnection@e93c1fc
2026-08-02T00:02:54.514+05:30  INFO 168744 --- [User_Service] [restartedMain] com.zaxxer.hikari.HikariDataSource       : HikariPool-3 - Start completed.
2026-08-02T00:02:54.514+05:30  WARN 168744 --- [User_Service] [restartedMain] org.hibernate.orm.deprecation            : HHH90000025: PostgreSQLDialect does not need to be specified explicitly using 'hibernate.dialect' (remove the property setting and it will be selected by default)
2026-08-02T00:02:54.530+05:30  INFO 168744 --- [User_Service] [restartedMain] org.hibernate.orm.connections.pooling    : HHH10001005: Database info:
	Database JDBC URL [jdbc:postgresql://localhost:5432/postgres]
	Database driver: PostgreSQL JDBC Driver
	Database dialect: PostgreSQLDialect
	Database version: 18.4
	Default catalog/schema: postgres/public
	Autocommit mode: undefined/unknown
	Isolation level: READ_COMMITTED [default READ_COMMITTED]
	JDBC fetch size: none
	Pool: DataSourceConnectionProvider
	Minimum pool size: undefined/unknown
	Maximum pool size: undefined/unknown
2026-08-02T00:02:54.614+05:30  INFO 168744 --- [User_Service] [restartedMain] org.hibernate.orm.core                   : HHH000489: No JTA platform available (set 'hibernate.transaction.jta.platform' to enable JTA platform integration)
2026-08-02T00:02:54.647+05:30  INFO 168744 --- [User_Service] [restartedMain] j.LocalContainerEntityManagerFactoryBean : Initialized JPA EntityManagerFactory for persistence unit 'default'
2026-08-02T00:02:54.754+05:30  WARN 168744 --- [User_Service] [restartedMain] JpaBaseConfiguration$JpaWebConfiguration : spring.jpa.open-in-view is enabled by default. Therefore, database queries may be performed during view rendering. Explicitly configure spring.jpa.open-in-view to disable this warning
2026-08-02T00:02:54.905+05:30  INFO 168744 --- [User_Service] [restartedMain] o.s.boot.tomcat.TomcatWebServer          : Tomcat started on port 2000 (http) with context path '/'
2026-08-02T00:02:54.909+05:30  INFO 168744 --- [User_Service] [restartedMain] c.e.user_service.UserServiceApplication  : Started UserServiceApplication in 1.19 seconds (process running for 264.592)
2026-08-02T00:02:54.909+05:30  INFO 168744 --- [User_Service] [restartedMain] .ConditionEvaluationDeltaLoggingListener : Condition evaluation unchanged
2026-08-02T00:02:56.302+05:30  INFO 168744 --- [User_Service] [File Watcher] rtingClassPathChangeChangedEventListener : Restarting due to 1 class path change (1 addition, 0 deletions, 0 modifications)
2026-08-02T00:02:56.302+05:30  INFO 168744 --- [User_Service] [Thread-9] o.s.boot.tomcat.GracefulShutdown         : Commencing graceful shutdown. Waiting for active requests to complete
2026-08-02T00:02:56.318+05:30  INFO 168744 --- [User_Service] [tomcat-shutdown] o.s.boot.tomcat.GracefulShutdown         : Graceful shutdown complete
2026-08-02T00:02:56.328+05:30  INFO 168744 --- [User_Service] [Thread-9] j.LocalContainerEntityManagerFactoryBean : Closing JPA EntityManagerFactory for persistence unit 'default'
2026-08-02T00:02:56.328+05:30  INFO 168744 --- [User_Service] [Thread-9] com.zaxxer.hikari.HikariDataSource       : HikariPool-3 - Shutdown initiated...
2026-08-02T00:02:56.477+05:30  INFO 168744 --- [User_Service] [Thread-9] com.zaxxer.hikari.HikariDataSource       : HikariPool-3 - Shutdown completed.
2026-08-02T00:02:56.614+05:30  INFO 168744 --- [User_Service] [restartedMain] c.e.user_service.UserServiceApplication  : Starting UserServiceApplication using Java 21.0.11 with PID 168744 (D:\Dev\Backend\Enterprise_Workspace_Platform\User_Service\target\classes started by Shahid in D:\Dev\Backend\Enterprise_Workspace_Platform)
2026-08-02T00:02:56.614+05:30  INFO 168744 --- [User_Service] [restartedMain] c.e.user_service.UserServiceApplication  : No active profile set, falling back to 1 default profile: "default"
2026-08-02T00:02:56.804+05:30  INFO 168744 --- [User_Service] [restartedMain] .s.d.r.c.RepositoryConfigurationDelegate : Bootstrapping Spring Data JPA repositories in DEFAULT mode.
2026-08-02T00:02:56.820+05:30  INFO 168744 --- [User_Service] [restartedMain] .s.d.r.c.RepositoryConfigurationDelegate : Finished Spring Data repository scanning in 15 ms. Found 1 JPA repository interface.
2026-08-02T00:02:56.948+05:30  INFO 168744 --- [User_Service] [restartedMain] o.s.boot.tomcat.TomcatWebServer          : Tomcat initialized with port 2000 (http)
2026-08-02T00:02:56.964+05:30  INFO 168744 --- [User_Service] [restartedMain] o.apache.catalina.core.StandardService   : Starting service [Tomcat]
2026-08-02T00:02:56.964+05:30  INFO 168744 --- [User_Service] [restartedMain] o.apache.catalina.core.StandardEngine    : Starting Servlet engine: [Apache Tomcat/11.0.22]
2026-08-02T00:02:56.996+05:30  INFO 168744 --- [User_Service] [restartedMain] b.w.c.s.WebApplicationContextInitializer : Root WebApplicationContext: initialization completed in 382 ms
2026-08-02T00:02:57.027+05:30  INFO 168744 --- [User_Service] [restartedMain] org.hibernate.orm.jpa                    : HHH008540: Processing PersistenceUnitInfo [name: default]
2026-08-02T00:02:57.059+05:30  INFO 168744 --- [User_Service] [restartedMain] o.s.o.j.p.SpringPersistenceUnitInfo      : No LoadTimeWeaver setup: ignoring JPA class transformer
2026-08-02T00:02:57.059+05:30  INFO 168744 --- [User_Service] [restartedMain] com.zaxxer.hikari.HikariDataSource       : HikariPool-4 - Starting...
2026-08-02T00:02:57.218+05:30  INFO 168744 --- [User_Service] [restartedMain] com.zaxxer.hikari.pool.HikariPool        : HikariPool-4 - Added connection org.postgresql.jdbc.PgConnection@3d0d174c
2026-08-02T00:02:57.218+05:30  INFO 168744 --- [User_Service] [restartedMain] com.zaxxer.hikari.HikariDataSource       : HikariPool-4 - Start completed.
2026-08-02T00:02:57.218+05:30  WARN 168744 --- [User_Service] [restartedMain] org.hibernate.orm.deprecation            : HHH90000025: PostgreSQLDialect does not need to be specified explicitly using 'hibernate.dialect' (remove the property setting and it will be selected by default)
2026-08-02T00:02:57.218+05:30  INFO 168744 --- [User_Service] [restartedMain] org.hibernate.orm.connections.pooling    : HHH10001005: Database info:
	Database JDBC URL [jdbc:postgresql://localhost:5432/postgres]
	Database driver: PostgreSQL JDBC Driver
	Database dialect: PostgreSQLDialect
	Database version: 18.4
	Default catalog/schema: postgres/public
	Autocommit mode: undefined/unknown
	Isolation level: READ_COMMITTED [default READ_COMMITTED]
	JDBC fetch size: none
	Pool: DataSourceConnectionProvider
	Minimum pool size: undefined/unknown
	Maximum pool size: undefined/unknown
2026-08-02T00:02:57.314+05:30  INFO 168744 --- [User_Service] [restartedMain] org.hibernate.orm.core                   : HHH000489: No JTA platform available (set 'hibernate.transaction.jta.platform' to enable JTA platform integration)
2026-08-02T00:02:57.346+05:30  INFO 168744 --- [User_Service] [restartedMain] j.LocalContainerEntityManagerFactoryBean : Initialized JPA EntityManagerFactory for persistence unit 'default'
2026-08-02T00:02:57.447+05:30  WARN 168744 --- [User_Service] [restartedMain] JpaBaseConfiguration$JpaWebConfiguration : spring.jpa.open-in-view is enabled by default. Therefore, database queries may be performed during view rendering. Explicitly configure spring.jpa.open-in-view to disable this warning
2026-08-02T00:02:57.568+05:30  INFO 168744 --- [User_Service] [restartedMain] o.s.boot.tomcat.TomcatWebServer          : Tomcat started on port 2000 (http) with context path '/'
2026-08-02T00:02:57.568+05:30  INFO 168744 --- [User_Service] [restartedMain] c.e.user_service.UserServiceApplication  : Started UserServiceApplication in 0.995 seconds (process running for 267.258)
2026-08-02T00:02:57.577+05:30  INFO 168744 --- [User_Service] [restartedMain] .ConditionEvaluationDeltaLoggingListener : Condition evaluation unchanged
2026-08-02T00:03:24.402+05:30  INFO 168744 --- [User_Service] [File Watcher] rtingClassPathChangeChangedEventListener : Restarting due to 1 class path change (0 additions, 1 deletion, 0 modifications)
2026-08-02T00:03:24.409+05:30  INFO 168744 --- [User_Service] [Thread-13] o.s.boot.tomcat.GracefulShutdown         : Commencing graceful shutdown. Waiting for active requests to complete
2026-08-02T00:03:24.423+05:30  INFO 168744 --- [User_Service] [tomcat-shutdown] o.s.boot.tomcat.GracefulShutdown         : Graceful shutdown complete
2026-08-02T00:03:24.424+05:30  INFO 168744 --- [User_Service] [Thread-13] j.LocalContainerEntityManagerFactoryBean : Closing JPA EntityManagerFactory for persistence unit 'default'
2026-08-02T00:03:24.426+05:30  INFO 168744 --- [User_Service] [Thread-13] com.zaxxer.hikari.HikariDataSource       : HikariPool-4 - Shutdown initiated...
2026-08-02T00:03:24.431+05:30  INFO 168744 --- [User_Service] [Thread-13] com.zaxxer.hikari.HikariDataSource       : HikariPool-4 - Shutdown completed.
2026-08-02T00:03:24.538+05:30  INFO 168744 --- [User_Service] [restartedMain] c.e.user_service.UserServiceApplication  : Starting UserServiceApplication using Java 21.0.11 with PID 168744 (D:\Dev\Backend\Enterprise_Workspace_Platform\User_Service\target\classes started by Shahid in D:\Dev\Backend\Enterprise_Workspace_Platform)
2026-08-02T00:03:24.538+05:30  INFO 168744 --- [User_Service] [restartedMain] c.e.user_service.UserServiceApplication  : No active profile set, falling back to 1 default profile: "default"
2026-08-02T00:03:24.712+05:30  INFO 168744 --- [User_Service] [restartedMain] .s.d.r.c.RepositoryConfigurationDelegate : Bootstrapping Spring Data JPA repositories in DEFAULT mode.
2026-08-02T00:03:24.727+05:30  INFO 168744 --- [User_Service] [restartedMain] .s.d.r.c.RepositoryConfigurationDelegate : Finished Spring Data repository scanning in 13 ms. Found 1 JPA repository interface.
2026-08-02T00:03:24.815+05:30  INFO 168744 --- [User_Service] [restartedMain] o.s.boot.tomcat.TomcatWebServer          : Tomcat initialized with port 2000 (http)
2026-08-02T00:03:24.817+05:30  INFO 168744 --- [User_Service] [restartedMain] o.apache.catalina.core.StandardService   : Starting service [Tomcat]
2026-08-02T00:03:24.817+05:30  INFO 168744 --- [User_Service] [restartedMain] o.apache.catalina.core.StandardEngine    : Starting Servlet engine: [Apache Tomcat/11.0.22]
2026-08-02T00:03:24.849+05:30  INFO 168744 --- [User_Service] [restartedMain] b.w.c.s.WebApplicationContextInitializer : Root WebApplicationContext: initialization completed in 306 ms
2026-08-02T00:03:24.896+05:30  INFO 168744 --- [User_Service] [restartedMain] org.hibernate.orm.jpa                    : HHH008540: Processing PersistenceUnitInfo [name: default]
2026-08-02T00:03:24.928+05:30  INFO 168744 --- [User_Service] [restartedMain] o.s.o.j.p.SpringPersistenceUnitInfo      : No LoadTimeWeaver setup: ignoring JPA class transformer
2026-08-02T00:03:24.928+05:30  INFO 168744 --- [User_Service] [restartedMain] com.zaxxer.hikari.HikariDataSource       : HikariPool-5 - Starting...
2026-08-02T00:03:25.103+05:30  INFO 168744 --- [User_Service] [restartedMain] com.zaxxer.hikari.pool.HikariPool        : HikariPool-5 - Added connection org.postgresql.jdbc.PgConnection@7d6f07d5
2026-08-02T00:03:25.103+05:30  INFO 168744 --- [User_Service] [restartedMain] com.zaxxer.hikari.HikariDataSource       : HikariPool-5 - Start completed.
2026-08-02T00:03:25.119+05:30  WARN 168744 --- [User_Service] [restartedMain] org.hibernate.orm.deprecation            : HHH90000025: PostgreSQLDialect does not need to be specified explicitly using 'hibernate.dialect' (remove the property setting and it will be selected by default)
2026-08-02T00:03:25.119+05:30  INFO 168744 --- [User_Service] [restartedMain] org.hibernate.orm.connections.pooling    : HHH10001005: Database info:
	Database JDBC URL [jdbc:postgresql://localhost:5432/postgres]
	Database driver: PostgreSQL JDBC Driver
	Database dialect: PostgreSQLDialect
	Database version: 18.4
	Default catalog/schema: postgres/public
	Autocommit mode: undefined/unknown
	Isolation level: READ_COMMITTED [default READ_COMMITTED]
	JDBC fetch size: none
	Pool: DataSourceConnectionProvider
	Minimum pool size: undefined/unknown
	Maximum pool size: undefined/unknown
2026-08-02T00:03:25.119+05:30  WARN 168744 --- [User_Service] [restartedMain] ConfigServletWebServerApplicationContext : Exception encountered during context initialization - cancelling refresh attempt: org.springframework.beans.factory.BeanCreationException: Error creating bean with name 'entityManagerFactory' defined in class path resource [org/springframework/boot/hibernate/autoconfigure/HibernateJpaConfiguration.class]: com/ewp/user_service/model/Role
2026-08-02T00:03:25.119+05:30  INFO 168744 --- [User_Service] [restartedMain] com.zaxxer.hikari.HikariDataSource       : HikariPool-5 - Shutdown initiated...
2026-08-02T00:03:25.119+05:30  INFO 168744 --- [User_Service] [restartedMain] com.zaxxer.hikari.HikariDataSource       : HikariPool-5 - Shutdown completed.
2026-08-02T00:03:25.134+05:30  INFO 168744 --- [User_Service] [restartedMain] o.apache.catalina.core.StandardService   : Stopping service [Tomcat]
2026-08-02T00:03:25.142+05:30  INFO 168744 --- [User_Service] [restartedMain] .s.b.a.l.ConditionEvaluationReportLogger : 

Error starting ApplicationContext. To display the condition evaluation report re-run your application with 'debug' enabled.
2026-08-02T00:03:25.174+05:30 ERROR 168744 --- [User_Service] [restartedMain] o.s.boot.SpringApplication               : Application run failed

org.springframework.beans.factory.BeanCreationException: Error creating bean with name 'entityManagerFactory' defined in class path resource [org/springframework/boot/hibernate/autoconfigure/HibernateJpaConfiguration.class]: com/ewp/user_service/model/Role
	at org.springframework.beans.factory.support.AbstractAutowireCapableBeanFactory.initializeBean(AbstractAutowireCapableBeanFactory.java:1815) ~[spring-beans-7.0.8.jar:7.0.8]
	at org.springframework.beans.factory.support.AbstractAutowireCapableBeanFactory.doCreateBean(AbstractAutowireCapableBeanFactory.java:603) ~[spring-beans-7.0.8.jar:7.0.8]
	at org.springframework.beans.factory.support.AbstractAutowireCapableBeanFactory.createBean(AbstractAutowireCapableBeanFactory.java:525) ~[spring-beans-7.0.8.jar:7.0.8]
	at org.springframework.beans.factory.support.AbstractBeanFactory.lambda$doGetBean$0(AbstractBeanFactory.java:333) ~[spring-beans-7.0.8.jar:7.0.8]
	at org.springframework.beans.factory.support.DefaultSingletonBeanRegistry.getSingleton(DefaultSingletonBeanRegistry.java:371) ~[spring-beans-7.0.8.jar:7.0.8]
	at org.springframework.beans.factory.support.AbstractBeanFactory.doGetBean(AbstractBeanFactory.java:331) ~[spring-beans-7.0.8.jar:7.0.8]
	at org.springframework.beans.factory.support.AbstractBeanFactory.getBean(AbstractBeanFactory.java:201) ~[spring-beans-7.0.8.jar:7.0.8]
	at org.springframework.context.support.AbstractApplicationContext.finishBeanFactoryInitialization(AbstractApplicationContext.java:977) ~[spring-context-7.0.8.jar:7.0.8]
	at org.springframework.context.support.AbstractApplicationContext.refresh(AbstractApplicationContext.java:621) ~[spring-context-7.0.8.jar:7.0.8]
	at org.springframework.boot.web.server.servlet.context.ServletWebServerApplicationContext.refresh(ServletWebServerApplicationContext.java:143) ~[spring-boot-web-server-4.1.0.jar:4.1.0]
	at org.springframework.boot.SpringApplication.refresh(SpringApplication.java:756) ~[spring-boot-4.1.0.jar:4.1.0]
	at org.springframework.boot.SpringApplication.refreshContext(SpringApplication.java:445) ~[spring-boot-4.1.0.jar:4.1.0]
	at org.springframework.boot.SpringApplication.run(SpringApplication.java:321) ~[spring-boot-4.1.0.jar:4.1.0]
	at org.springframework.boot.SpringApplication.run(SpringApplication.java:1365) ~[spring-boot-4.1.0.jar:4.1.0]
	at org.springframework.boot.SpringApplication.run(SpringApplication.java:1354) ~[spring-boot-4.1.0.jar:4.1.0]
	at com.ewp.user_service.UserServiceApplication.main(UserServiceApplication.java:9) ~[classes/:na]
	at java.base/jdk.internal.reflect.DirectMethodHandleAccessor.invoke(DirectMethodHandleAccessor.java:103) ~[na:na]
	at java.base/java.lang.reflect.Method.invoke(Method.java:580) ~[na:na]
	at org.springframework.boot.devtools.restart.RestartLauncher.run(RestartLauncher.java:52) ~[spring-boot-devtools-4.1.0.jar:4.1.0]
Caused by: java.lang.NoClassDefFoundError: com/ewp/user_service/model/Role
	at java.base/java.lang.Class.getDeclaredMethods0(Native Method) ~[na:na]
	at java.base/java.lang.Class.privateGetDeclaredMethods(Class.java:3580) ~[na:na]
	at java.base/java.lang.Class.getDeclaredMethods(Class.java:2678) ~[na:na]
	at org.hibernate.models.internal.jdk.JdkClassDetails.getMethods(JdkClassDetails.java:216) ~[hibernate-models-1.1.1.jar:na]
	at org.hibernate.boot.model.internal.InheritanceState.determineAccessTypeFromId(InheritanceState.java:304) ~[hibernate-core-7.4.1.Final.jar:7.4.1.Final]
	at org.hibernate.boot.model.internal.InheritanceState.determineDefaultAccessType(InheritanceState.java:261) ~[hibernate-core-7.4.1.Final.jar:7.4.1.Final]
	at org.hibernate.boot.model.internal.InheritanceState.getElementsToProcess(InheritanceState.java:232) ~[hibernate-core-7.4.1.Final.jar:7.4.1.Final]
	at org.hibernate.boot.model.internal.InheritanceState.postProcess(InheritanceState.java:165) ~[hibernate-core-7.4.1.Final.jar:7.4.1.Final]
	at org.hibernate.boot.model.internal.EntityBinder.handleIdentifier(EntityBinder.java:434) ~[hibernate-core-7.4.1.Final.jar:7.4.1.Final]
	at org.hibernate.boot.model.internal.EntityBinder.bindEntityClass(EntityBinder.java:259) ~[hibernate-core-7.4.1.Final.jar:7.4.1.Final]
	at org.hibernate.boot.model.internal.AnnotationBinder.bindClass(AnnotationBinder.java:247) ~[hibernate-core-7.4.1.Final.jar:7.4.1.Final]
	at org.hibernate.boot.model.source.internal.annotations.AnnotationMetadataSourceProcessorImpl.processEntityHierarchies(AnnotationMetadataSourceProcessorImpl.java:197) ~[hibernate-core-7.4.1.Final.jar:7.4.1.Final]
	at org.hibernate.boot.model.process.spi.MetadataBuildingProcess$1.processEntityHierarchies(MetadataBuildingProcess.java:323) ~[hibernate-core-7.4.1.Final.jar:7.4.1.Final]
	at org.hibernate.boot.model.process.spi.MetadataBuildingProcess.coordinateProcessors(MetadataBuildingProcess.java:356) ~[hibernate-core-7.4.1.Final.jar:7.4.1.Final]
	at org.hibernate.boot.model.process.spi.MetadataBuildingProcess.complete(MetadataBuildingProcess.java:209) ~[hibernate-core-7.4.1.Final.jar:7.4.1.Final]
	at org.hibernate.jpa.boot.internal.EntityManagerFactoryBuilderImpl.metadata(EntityManagerFactoryBuilderImpl.java:1388) ~[hibernate-core-7.4.1.Final.jar:7.4.1.Final]
	at org.hibernate.jpa.boot.internal.EntityManagerFactoryBuilderImpl.populateSessionFactoryBuilder(EntityManagerFactoryBuilderImpl.java:1468) ~[hibernate-core-7.4.1.Final.jar:7.4.1.Final]
	at org.hibernate.jpa.boot.internal.EntityManagerFactoryBuilderImpl.build(EntityManagerFactoryBuilderImpl.java:1450) ~[hibernate-core-7.4.1.Final.jar:7.4.1.Final]
	at org.springframework.orm.jpa.vendor.SpringHibernateJpaPersistenceProvider.createContainerEntityManagerFactory(SpringHibernateJpaPersistenceProvider.java:93) ~[spring-orm-7.0.8.jar:7.0.8]
	at org.springframework.orm.jpa.LocalContainerEntityManagerFactoryBean.createNativeEntityManagerFactory(LocalContainerEntityManagerFactoryBean.java:443) ~[spring-orm-7.0.8.jar:7.0.8]
	at org.springframework.orm.jpa.AbstractEntityManagerFactoryBean.buildNativeEntityManagerFactory(AbstractEntityManagerFactoryBean.java:436) ~[spring-orm-7.0.8.jar:7.0.8]
	at org.springframework.orm.jpa.AbstractEntityManagerFactoryBean.afterPropertiesSet(AbstractEntityManagerFactoryBean.java:411) ~[spring-orm-7.0.8.jar:7.0.8]
	at org.springframework.orm.jpa.LocalContainerEntityManagerFactoryBean.afterPropertiesSet(LocalContainerEntityManagerFactoryBean.java:419) ~[spring-orm-7.0.8.jar:7.0.8]
	at org.springframework.beans.factory.support.AbstractAutowireCapableBeanFactory.invokeInitMethods(AbstractAutowireCapableBeanFactory.java:1862) ~[spring-beans-7.0.8.jar:7.0.8]
	at org.springframework.beans.factory.support.AbstractAutowireCapableBeanFactory.initializeBean(AbstractAutowireCapableBeanFactory.java:1811) ~[spring-beans-7.0.8.jar:7.0.8]
	... 18 common frames omitted
Caused by: java.lang.ClassNotFoundException: com.ewp.user_service.model.Role
	at java.base/jdk.internal.loader.BuiltinClassLoader.loadClass(BuiltinClassLoader.java:641) ~[na:na]
	at java.base/jdk.internal.loader.ClassLoaders$AppClassLoader.loadClass(ClassLoaders.java:188) ~[na:na]
	at java.base/java.lang.ClassLoader.loadClass(ClassLoader.java:526) ~[na:na]
	at java.base/java.lang.Class.forName0(Native Method) ~[na:na]
	at java.base/java.lang.Class.forName(Class.java:536) ~[na:na]
	at java.base/java.lang.Class.forName(Class.java:515) ~[na:na]
	at org.springframework.boot.devtools.restart.classloader.RestartClassLoader.loadClass(RestartClassLoader.java:123) ~[spring-boot-devtools-4.1.0.jar:4.1.0]
	at java.base/java.lang.ClassLoader.loadClass(ClassLoader.java:526) ~[na:na]
	... 43 common frames omitted

2026-08-02T00:03:27.665+05:30  INFO 168744 --- [User_Service] [restartedMain] c.e.user_service.UserServiceApplication  : Starting UserServiceApplication using Java 21.0.11 with PID 168744 (D:\Dev\Backend\Enterprise_Workspace_Platform\User_Service\target\classes started by Shahid in D:\Dev\Backend\Enterprise_Workspace_Platform)
2026-08-02T00:03:27.665+05:30  INFO 168744 --- [User_Service] [restartedMain] c.e.user_service.UserServiceApplication  : No active profile set, falling back to 1 default profile: "default"
2026-08-02T00:03:27.866+05:30  INFO 168744 --- [User_Service] [restartedMain] .s.d.r.c.RepositoryConfigurationDelegate : Bootstrapping Spring Data JPA repositories in DEFAULT mode.
2026-08-02T00:03:27.884+05:30  INFO 168744 --- [User_Service] [restartedMain] .s.d.r.c.RepositoryConfigurationDelegate : Finished Spring Data repository scanning in 14 ms. Found 1 JPA repository interface.
2026-08-02T00:03:27.979+05:30  INFO 168744 --- [User_Service] [restartedMain] o.s.boot.tomcat.TomcatWebServer          : Tomcat initialized with port 2000 (http)
2026-08-02T00:03:27.979+05:30  INFO 168744 --- [User_Service] [restartedMain] o.apache.catalina.core.StandardService   : Starting service [Tomcat]
2026-08-02T00:03:27.979+05:30  INFO 168744 --- [User_Service] [restartedMain] o.apache.catalina.core.StandardEngine    : Starting Servlet engine: [Apache Tomcat/11.0.22]
2026-08-02T00:03:28.024+05:30  INFO 168744 --- [User_Service] [restartedMain] b.w.c.s.WebApplicationContextInitializer : Root WebApplicationContext: initialization completed in 359 ms
2026-08-02T00:03:28.064+05:30  INFO 168744 --- [User_Service] [restartedMain] org.hibernate.orm.jpa                    : HHH008540: Processing PersistenceUnitInfo [name: default]
2026-08-02T00:03:28.095+05:30  INFO 168744 --- [User_Service] [restartedMain] o.s.o.j.p.SpringPersistenceUnitInfo      : No LoadTimeWeaver setup: ignoring JPA class transformer
2026-08-02T00:03:28.097+05:30  INFO 168744 --- [User_Service] [restartedMain] com.zaxxer.hikari.HikariDataSource       : HikariPool-6 - Starting...
2026-08-02T00:03:28.359+05:30  INFO 168744 --- [User_Service] [restartedMain] com.zaxxer.hikari.pool.HikariPool        : HikariPool-6 - Added connection org.postgresql.jdbc.PgConnection@12cd8404
2026-08-02T00:03:28.359+05:30  INFO 168744 --- [User_Service] [restartedMain] com.zaxxer.hikari.HikariDataSource       : HikariPool-6 - Start completed.
2026-08-02T00:03:28.369+05:30  WARN 168744 --- [User_Service] [restartedMain] org.hibernate.orm.deprecation            : HHH90000025: PostgreSQLDialect does not need to be specified explicitly using 'hibernate.dialect' (remove the property setting and it will be selected by default)
2026-08-02T00:03:28.375+05:30  INFO 168744 --- [User_Service] [restartedMain] org.hibernate.orm.connections.pooling    : HHH10001005: Database info:
	Database JDBC URL [jdbc:postgresql://localhost:5432/postgres]
	Database driver: PostgreSQL JDBC Driver
	Database dialect: PostgreSQLDialect
	Database version: 18.4
	Default catalog/schema: postgres/public
	Autocommit mode: undefined/unknown
	Isolation level: READ_COMMITTED [default READ_COMMITTED]
	JDBC fetch size: none
	Pool: DataSourceConnectionProvider
	Minimum pool size: undefined/unknown
	Maximum pool size: undefined/unknown
2026-08-02T00:03:28.461+05:30  INFO 168744 --- [User_Service] [restartedMain] org.hibernate.orm.core                   : HHH000489: No JTA platform available (set 'hibernate.transaction.jta.platform' to enable JTA platform integration)
2026-08-02T00:03:28.499+05:30  INFO 168744 --- [User_Service] [restartedMain] j.LocalContainerEntityManagerFactoryBean : Initialized JPA EntityManagerFactory for persistence unit 'default'
2026-08-02T00:03:28.571+05:30  WARN 168744 --- [User_Service] [restartedMain] JpaBaseConfiguration$JpaWebConfiguration : spring.jpa.open-in-view is enabled by default. Therefore, database queries may be performed during view rendering. Explicitly configure spring.jpa.open-in-view to disable this warning
2026-08-02T00:03:28.688+05:30  INFO 168744 --- [User_Service] [restartedMain] o.s.boot.tomcat.TomcatWebServer          : Tomcat started on port 2000 (http) with context path '/'
2026-08-02T00:03:28.688+05:30  INFO 168744 --- [User_Service] [restartedMain] c.e.user_service.UserServiceApplication  : Started UserServiceApplication in 1.058 seconds (process running for 298.376)
2026-08-02T00:03:28.694+05:30  INFO 168744 --- [User_Service] [restartedMain] .ConditionEvaluationDeltaLoggingListener : Condition evaluation unchanged
2026-08-02T00:08:38.634+05:30  INFO 168744 --- [User_Service] [File Watcher] rtingClassPathChangeChangedEventListener : Restarting due to 2 class path changes (0 additions, 2 deletions, 0 modifications)
2026-08-02T00:08:38.634+05:30  INFO 168744 --- [User_Service] [Thread-17] o.s.boot.tomcat.GracefulShutdown         : Commencing graceful shutdown. Waiting for active requests to complete
2026-08-02T00:08:38.650+05:30  INFO 168744 --- [User_Service] [tomcat-shutdown] o.s.boot.tomcat.GracefulShutdown         : Graceful shutdown complete
2026-08-02T00:08:38.650+05:30  INFO 168744 --- [User_Service] [Thread-17] j.LocalContainerEntityManagerFactoryBean : Closing JPA EntityManagerFactory for persistence unit 'default'
2026-08-02T00:08:38.650+05:30  INFO 168744 --- [User_Service] [Thread-17] com.zaxxer.hikari.HikariDataSource       : HikariPool-6 - Shutdown initiated...
2026-08-02T00:08:38.665+05:30  INFO 168744 --- [User_Service] [Thread-17] com.zaxxer.hikari.HikariDataSource       : HikariPool-6 - Shutdown completed.
2026-08-02T00:08:38.782+05:30  INFO 168744 --- [User_Service] [restartedMain] c.e.user_service.UserServiceApplication  : Starting UserServiceApplication using Java 21.0.11 with PID 168744 (D:\Dev\Backend\Enterprise_Workspace_Platform\User_Service\target\classes started by Shahid in D:\Dev\Backend\Enterprise_Workspace_Platform)
2026-08-02T00:08:38.782+05:30  INFO 168744 --- [User_Service] [restartedMain] c.e.user_service.UserServiceApplication  : No active profile set, falling back to 1 default profile: "default"
2026-08-02T00:08:38.977+05:30  INFO 168744 --- [User_Service] [restartedMain] .s.d.r.c.RepositoryConfigurationDelegate : Bootstrapping Spring Data JPA repositories in DEFAULT mode.
2026-08-02T00:08:38.993+05:30  INFO 168744 --- [User_Service] [restartedMain] .s.d.r.c.RepositoryConfigurationDelegate : Finished Spring Data repository scanning in 12 ms. Found 1 JPA repository interface.
2026-08-02T00:08:39.089+05:30  INFO 168744 --- [User_Service] [restartedMain] o.s.boot.tomcat.TomcatWebServer          : Tomcat initialized with port 2000 (http)
2026-08-02T00:08:39.089+05:30  INFO 168744 --- [User_Service] [restartedMain] o.apache.catalina.core.StandardService   : Starting service [Tomcat]
2026-08-02T00:08:39.089+05:30  INFO 168744 --- [User_Service] [restartedMain] o.apache.catalina.core.StandardEngine    : Starting Servlet engine: [Apache Tomcat/11.0.22]
2026-08-02T00:08:39.136+05:30  INFO 168744 --- [User_Service] [restartedMain] b.w.c.s.WebApplicationContextInitializer : Root WebApplicationContext: initialization completed in 351 ms
2026-08-02T00:08:39.184+05:30  INFO 168744 --- [User_Service] [restartedMain] org.hibernate.orm.jpa                    : HHH008540: Processing PersistenceUnitInfo [name: default]
2026-08-02T00:08:39.220+05:30  INFO 168744 --- [User_Service] [restartedMain] o.s.o.j.p.SpringPersistenceUnitInfo      : No LoadTimeWeaver setup: ignoring JPA class transformer
2026-08-02T00:08:39.220+05:30  INFO 168744 --- [User_Service] [restartedMain] com.zaxxer.hikari.HikariDataSource       : HikariPool-7 - Starting...
2026-08-02T00:08:39.392+05:30  INFO 168744 --- [User_Service] [restartedMain] com.zaxxer.hikari.pool.HikariPool        : HikariPool-7 - Added connection org.postgresql.jdbc.PgConnection@25a076cf
2026-08-02T00:08:39.392+05:30  INFO 168744 --- [User_Service] [restartedMain] com.zaxxer.hikari.HikariDataSource       : HikariPool-7 - Start completed.
2026-08-02T00:08:39.392+05:30  WARN 168744 --- [User_Service] [restartedMain] org.hibernate.orm.deprecation            : HHH90000025: PostgreSQLDialect does not need to be specified explicitly using 'hibernate.dialect' (remove the property setting and it will be selected by default)
2026-08-02T00:08:39.408+05:30  INFO 168744 --- [User_Service] [restartedMain] org.hibernate.orm.connections.pooling    : HHH10001005: Database info:
	Database JDBC URL [jdbc:postgresql://localhost:5432/postgres]
	Database driver: PostgreSQL JDBC Driver
	Database dialect: PostgreSQLDialect
	Database version: 18.4
	Default catalog/schema: postgres/public
	Autocommit mode: undefined/unknown
	Isolation level: READ_COMMITTED [default READ_COMMITTED]
	JDBC fetch size: none
	Pool: DataSourceConnectionProvider
	Minimum pool size: undefined/unknown
	Maximum pool size: undefined/unknown
2026-08-02T00:08:39.417+05:30  WARN 168744 --- [User_Service] [restartedMain] ConfigServletWebServerApplicationContext : Exception encountered during context initialization - cancelling refresh attempt: org.springframework.beans.factory.BeanCreationException: Error creating bean with name 'entityManagerFactory' defined in class path resource [org/springframework/boot/hibernate/autoconfigure/HibernateJpaConfiguration.class]: com/ewp/user_service/model/RoleName
2026-08-02T00:08:39.417+05:30  INFO 168744 --- [User_Service] [restartedMain] com.zaxxer.hikari.HikariDataSource       : HikariPool-7 - Shutdown initiated...
2026-08-02T00:08:39.417+05:30  INFO 168744 --- [User_Service] [restartedMain] com.zaxxer.hikari.HikariDataSource       : HikariPool-7 - Shutdown completed.
2026-08-02T00:08:39.417+05:30  INFO 168744 --- [User_Service] [restartedMain] o.apache.catalina.core.StandardService   : Stopping service [Tomcat]
2026-08-02T00:08:39.426+05:30  INFO 168744 --- [User_Service] [restartedMain] .s.b.a.l.ConditionEvaluationReportLogger : 

Error starting ApplicationContext. To display the condition evaluation report re-run your application with 'debug' enabled.
2026-08-02T00:08:39.434+05:30 ERROR 168744 --- [User_Service] [restartedMain] o.s.boot.SpringApplication               : Application run failed

org.springframework.beans.factory.BeanCreationException: Error creating bean with name 'entityManagerFactory' defined in class path resource [org/springframework/boot/hibernate/autoconfigure/HibernateJpaConfiguration.class]: com/ewp/user_service/model/RoleName
	at org.springframework.beans.factory.support.AbstractAutowireCapableBeanFactory.initializeBean(AbstractAutowireCapableBeanFactory.java:1815) ~[spring-beans-7.0.8.jar:7.0.8]
	at org.springframework.beans.factory.support.AbstractAutowireCapableBeanFactory.doCreateBean(AbstractAutowireCapableBeanFactory.java:603) ~[spring-beans-7.0.8.jar:7.0.8]
	at org.springframework.beans.factory.support.AbstractAutowireCapableBeanFactory.createBean(AbstractAutowireCapableBeanFactory.java:525) ~[spring-beans-7.0.8.jar:7.0.8]
	at org.springframework.beans.factory.support.AbstractBeanFactory.lambda$doGetBean$0(AbstractBeanFactory.java:333) ~[spring-beans-7.0.8.jar:7.0.8]
	at org.springframework.beans.factory.support.DefaultSingletonBeanRegistry.getSingleton(DefaultSingletonBeanRegistry.java:371) ~[spring-beans-7.0.8.jar:7.0.8]
	at org.springframework.beans.factory.support.AbstractBeanFactory.doGetBean(AbstractBeanFactory.java:331) ~[spring-beans-7.0.8.jar:7.0.8]
	at org.springframework.beans.factory.support.AbstractBeanFactory.getBean(AbstractBeanFactory.java:201) ~[spring-beans-7.0.8.jar:7.0.8]
	at org.springframework.context.support.AbstractApplicationContext.finishBeanFactoryInitialization(AbstractApplicationContext.java:977) ~[spring-context-7.0.8.jar:7.0.8]
	at org.springframework.context.support.AbstractApplicationContext.refresh(AbstractApplicationContext.java:621) ~[spring-context-7.0.8.jar:7.0.8]
	at org.springframework.boot.web.server.servlet.context.ServletWebServerApplicationContext.refresh(ServletWebServerApplicationContext.java:143) ~[spring-boot-web-server-4.1.0.jar:4.1.0]
	at org.springframework.boot.SpringApplication.refresh(SpringApplication.java:756) ~[spring-boot-4.1.0.jar:4.1.0]
	at org.springframework.boot.SpringApplication.refreshContext(SpringApplication.java:445) ~[spring-boot-4.1.0.jar:4.1.0]
	at org.springframework.boot.SpringApplication.run(SpringApplication.java:321) ~[spring-boot-4.1.0.jar:4.1.0]
	at org.springframework.boot.SpringApplication.run(SpringApplication.java:1365) ~[spring-boot-4.1.0.jar:4.1.0]
	at org.springframework.boot.SpringApplication.run(SpringApplication.java:1354) ~[spring-boot-4.1.0.jar:4.1.0]
	at com.ewp.user_service.UserServiceApplication.main(UserServiceApplication.java:9) ~[classes/:na]
	at java.base/jdk.internal.reflect.DirectMethodHandleAccessor.invoke(DirectMethodHandleAccessor.java:103) ~[na:na]
	at java.base/java.lang.reflect.Method.invoke(Method.java:580) ~[na:na]
	at org.springframework.boot.devtools.restart.RestartLauncher.run(RestartLauncher.java:52) ~[spring-boot-devtools-4.1.0.jar:4.1.0]
Caused by: java.lang.NoClassDefFoundError: com/ewp/user_service/model/RoleName
	at java.base/java.lang.Class.getDeclaredMethods0(Native Method) ~[na:na]
	at java.base/java.lang.Class.privateGetDeclaredMethods(Class.java:3580) ~[na:na]
	at java.base/java.lang.Class.getDeclaredMethods(Class.java:2678) ~[na:na]
	at org.hibernate.models.internal.jdk.JdkClassDetails.getMethods(JdkClassDetails.java:216) ~[hibernate-models-1.1.1.jar:na]
	at org.hibernate.boot.model.internal.InheritanceState.determineAccessTypeFromId(InheritanceState.java:304) ~[hibernate-core-7.4.1.Final.jar:7.4.1.Final]
	at org.hibernate.boot.model.internal.InheritanceState.determineDefaultAccessType(InheritanceState.java:261) ~[hibernate-core-7.4.1.Final.jar:7.4.1.Final]
	at org.hibernate.boot.model.internal.InheritanceState.getElementsToProcess(InheritanceState.java:232) ~[hibernate-core-7.4.1.Final.jar:7.4.1.Final]
	at org.hibernate.boot.model.internal.InheritanceState.postProcess(InheritanceState.java:165) ~[hibernate-core-7.4.1.Final.jar:7.4.1.Final]
	at org.hibernate.boot.model.internal.EntityBinder.handleIdentifier(EntityBinder.java:434) ~[hibernate-core-7.4.1.Final.jar:7.4.1.Final]
	at org.hibernate.boot.model.internal.EntityBinder.bindEntityClass(EntityBinder.java:259) ~[hibernate-core-7.4.1.Final.jar:7.4.1.Final]
	at org.hibernate.boot.model.internal.AnnotationBinder.bindClass(AnnotationBinder.java:247) ~[hibernate-core-7.4.1.Final.jar:7.4.1.Final]
	at org.hibernate.boot.model.source.internal.annotations.AnnotationMetadataSourceProcessorImpl.processEntityHierarchies(AnnotationMetadataSourceProcessorImpl.java:197) ~[hibernate-core-7.4.1.Final.jar:7.4.1.Final]
	at org.hibernate.boot.model.process.spi.MetadataBuildingProcess$1.processEntityHierarchies(MetadataBuildingProcess.java:323) ~[hibernate-core-7.4.1.Final.jar:7.4.1.Final]
	at org.hibernate.boot.model.process.spi.MetadataBuildingProcess.coordinateProcessors(MetadataBuildingProcess.java:356) ~[hibernate-core-7.4.1.Final.jar:7.4.1.Final]
	at org.hibernate.boot.model.process.spi.MetadataBuildingProcess.complete(MetadataBuildingProcess.java:209) ~[hibernate-core-7.4.1.Final.jar:7.4.1.Final]
	at org.hibernate.jpa.boot.internal.EntityManagerFactoryBuilderImpl.metadata(EntityManagerFactoryBuilderImpl.java:1388) ~[hibernate-core-7.4.1.Final.jar:7.4.1.Final]
	at org.hibernate.jpa.boot.internal.EntityManagerFactoryBuilderImpl.populateSessionFactoryBuilder(EntityManagerFactoryBuilderImpl.java:1468) ~[hibernate-core-7.4.1.Final.jar:7.4.1.Final]
	at org.hibernate.jpa.boot.internal.EntityManagerFactoryBuilderImpl.build(EntityManagerFactoryBuilderImpl.java:1450) ~[hibernate-core-7.4.1.Final.jar:7.4.1.Final]
	at org.springframework.orm.jpa.vendor.SpringHibernateJpaPersistenceProvider.createContainerEntityManagerFactory(SpringHibernateJpaPersistenceProvider.java:93) ~[spring-orm-7.0.8.jar:7.0.8]
	at org.springframework.orm.jpa.LocalContainerEntityManagerFactoryBean.createNativeEntityManagerFactory(LocalContainerEntityManagerFactoryBean.java:443) ~[spring-orm-7.0.8.jar:7.0.8]
	at org.springframework.orm.jpa.AbstractEntityManagerFactoryBean.buildNativeEntityManagerFactory(AbstractEntityManagerFactoryBean.java:436) ~[spring-orm-7.0.8.jar:7.0.8]
	at org.springframework.orm.jpa.AbstractEntityManagerFactoryBean.afterPropertiesSet(AbstractEntityManagerFactoryBean.java:411) ~[spring-orm-7.0.8.jar:7.0.8]
	at org.springframework.orm.jpa.LocalContainerEntityManagerFactoryBean.afterPropertiesSet(LocalContainerEntityManagerFactoryBean.java:419) ~[spring-orm-7.0.8.jar:7.0.8]
	at org.springframework.beans.factory.support.AbstractAutowireCapableBeanFactory.invokeInitMethods(AbstractAutowireCapableBeanFactory.java:1862) ~[spring-beans-7.0.8.jar:7.0.8]
	at org.springframework.beans.factory.support.AbstractAutowireCapableBeanFactory.initializeBean(AbstractAutowireCapableBeanFactory.java:1811) ~[spring-beans-7.0.8.jar:7.0.8]
	... 18 common frames omitted
Caused by: java.lang.ClassNotFoundException: com.ewp.user_service.model.RoleName
	at java.base/jdk.internal.loader.BuiltinClassLoader.loadClass(BuiltinClassLoader.java:641) ~[na:na]
	at java.base/jdk.internal.loader.ClassLoaders$AppClassLoader.loadClass(ClassLoaders.java:188) ~[na:na]
	at java.base/java.lang.ClassLoader.loadClass(ClassLoader.java:526) ~[na:na]
	at java.base/java.lang.Class.forName0(Native Method) ~[na:na]
	at java.base/java.lang.Class.forName(Class.java:536) ~[na:na]
	at java.base/java.lang.Class.forName(Class.java:515) ~[na:na]
	at org.springframework.boot.devtools.restart.classloader.RestartClassLoader.loadClass(RestartClassLoader.java:123) ~[spring-boot-devtools-4.1.0.jar:4.1.0]
	at java.base/java.lang.ClassLoader.loadClass(ClassLoader.java:526) ~[na:na]
	... 43 common frames omitted

2026-08-02T00:08:41.937+05:30  INFO 168744 --- [User_Service] [restartedMain] c.e.user_service.UserServiceApplication  : Starting UserServiceApplication using Java 21.0.11 with PID 168744 (D:\Dev\Backend\Enterprise_Workspace_Platform\User_Service\target\classes started by Shahid in D:\Dev\Backend\Enterprise_Workspace_Platform)
2026-08-02T00:08:41.937+05:30  INFO 168744 --- [User_Service] [restartedMain] c.e.user_service.UserServiceApplication  : No active profile set, falling back to 1 default profile: "default"
2026-08-02T00:08:42.138+05:30  INFO 168744 --- [User_Service] [restartedMain] .s.d.r.c.RepositoryConfigurationDelegate : Bootstrapping Spring Data JPA repositories in DEFAULT mode.
2026-08-02T00:08:42.154+05:30  INFO 168744 --- [User_Service] [restartedMain] .s.d.r.c.RepositoryConfigurationDelegate : Finished Spring Data repository scanning in 19 ms. Found 1 JPA repository interface.
2026-08-02T00:08:42.281+05:30  INFO 168744 --- [User_Service] [restartedMain] o.s.boot.tomcat.TomcatWebServer          : Tomcat initialized with port 2000 (http)
2026-08-02T00:08:42.281+05:30  INFO 168744 --- [User_Service] [restartedMain] o.apache.catalina.core.StandardService   : Starting service [Tomcat]
2026-08-02T00:08:42.281+05:30  INFO 168744 --- [User_Service] [restartedMain] o.apache.catalina.core.StandardEngine    : Starting Servlet engine: [Apache Tomcat/11.0.22]
2026-08-02T00:08:42.332+05:30  INFO 168744 --- [User_Service] [restartedMain] b.w.c.s.WebApplicationContextInitializer : Root WebApplicationContext: initialization completed in 388 ms
2026-08-02T00:08:42.386+05:30  INFO 168744 --- [User_Service] [restartedMain] org.hibernate.orm.jpa                    : HHH008540: Processing PersistenceUnitInfo [name: default]
2026-08-02T00:08:42.423+05:30  INFO 168744 --- [User_Service] [restartedMain] o.s.o.j.p.SpringPersistenceUnitInfo      : No LoadTimeWeaver setup: ignoring JPA class transformer
2026-08-02T00:08:42.423+05:30  INFO 168744 --- [User_Service] [restartedMain] com.zaxxer.hikari.HikariDataSource       : HikariPool-8 - Starting...
2026-08-02T00:08:42.611+05:30  INFO 168744 --- [User_Service] [restartedMain] com.zaxxer.hikari.pool.HikariPool        : HikariPool-8 - Added connection org.postgresql.jdbc.PgConnection@3a37566c
2026-08-02T00:08:42.611+05:30  INFO 168744 --- [User_Service] [restartedMain] com.zaxxer.hikari.HikariDataSource       : HikariPool-8 - Start completed.
2026-08-02T00:08:42.616+05:30  WARN 168744 --- [User_Service] [restartedMain] org.hibernate.orm.deprecation            : HHH90000025: PostgreSQLDialect does not need to be specified explicitly using 'hibernate.dialect' (remove the property setting and it will be selected by default)
2026-08-02T00:08:42.624+05:30  INFO 168744 --- [User_Service] [restartedMain] org.hibernate.orm.connections.pooling    : HHH10001005: Database info:
	Database JDBC URL [jdbc:postgresql://localhost:5432/postgres]
	Database driver: PostgreSQL JDBC Driver
	Database dialect: PostgreSQLDialect
	Database version: 18.4
	Default catalog/schema: postgres/public
	Autocommit mode: undefined/unknown
	Isolation level: READ_COMMITTED [default READ_COMMITTED]
	JDBC fetch size: none
	Pool: DataSourceConnectionProvider
	Minimum pool size: undefined/unknown
	Maximum pool size: undefined/unknown
2026-08-02T00:08:42.745+05:30  INFO 168744 --- [User_Service] [restartedMain] org.hibernate.orm.core                   : HHH000489: No JTA platform available (set 'hibernate.transaction.jta.platform' to enable JTA platform integration)
2026-08-02T00:08:42.780+05:30  INFO 168744 --- [User_Service] [restartedMain] j.LocalContainerEntityManagerFactoryBean : Initialized JPA EntityManagerFactory for persistence unit 'default'
2026-08-02T00:08:42.876+05:30  WARN 168744 --- [User_Service] [restartedMain] JpaBaseConfiguration$JpaWebConfiguration : spring.jpa.open-in-view is enabled by default. Therefore, database queries may be performed during view rendering. Explicitly configure spring.jpa.open-in-view to disable this warning
2026-08-02T00:08:43.035+05:30  INFO 168744 --- [User_Service] [restartedMain] o.s.boot.tomcat.TomcatWebServer          : Tomcat started on port 2000 (http) with context path '/'
2026-08-02T00:08:43.043+05:30  INFO 168744 --- [User_Service] [restartedMain] c.e.user_service.UserServiceApplication  : Started UserServiceApplication in 1.14 seconds (process running for 612.726)
2026-08-02T00:08:43.043+05:30  INFO 168744 --- [User_Service] [restartedMain] .ConditionEvaluationDeltaLoggingListener : Condition evaluation unchanged
2026-08-02T00:09:46.564+05:30  INFO 168744 --- [User_Service] [File Watcher] rtingClassPathChangeChangedEventListener : Restarting due to 1 class path change (0 additions, 1 deletion, 0 modifications)
2026-08-02T00:09:46.568+05:30  INFO 168744 --- [User_Service] [Thread-24] o.s.boot.tomcat.GracefulShutdown         : Commencing graceful shutdown. Waiting for active requests to complete
2026-08-02T00:09:46.574+05:30  INFO 168744 --- [User_Service] [tomcat-shutdown] o.s.boot.tomcat.GracefulShutdown         : Graceful shutdown complete
2026-08-02T00:09:46.579+05:30  INFO 168744 --- [User_Service] [Thread-24] j.LocalContainerEntityManagerFactoryBean : Closing JPA EntityManagerFactory for persistence unit 'default'
2026-08-02T00:09:46.579+05:30  INFO 168744 --- [User_Service] [Thread-24] com.zaxxer.hikari.HikariDataSource       : HikariPool-8 - Shutdown initiated...
2026-08-02T00:09:46.584+05:30  INFO 168744 --- [User_Service] [Thread-24] com.zaxxer.hikari.HikariDataSource       : HikariPool-8 - Shutdown completed.
2026-08-02T00:09:46.654+05:30  INFO 168744 --- [User_Service] [restartedMain] c.e.user_service.UserServiceApplication  : Starting UserServiceApplication using Java 21.0.11 with PID 168744 (D:\Dev\Backend\Enterprise_Workspace_Platform\User_Service\target\classes started by Shahid in D:\Dev\Backend\Enterprise_Workspace_Platform)
2026-08-02T00:09:46.655+05:30  INFO 168744 --- [User_Service] [restartedMain] c.e.user_service.UserServiceApplication  : No active profile set, falling back to 1 default profile: "default"
2026-08-02T00:09:46.737+05:30  INFO 168744 --- [User_Service] [restartedMain] .s.d.r.c.RepositoryConfigurationDelegate : Bootstrapping Spring Data JPA repositories in DEFAULT mode.
2026-08-02T00:09:46.742+05:30  INFO 168744 --- [User_Service] [restartedMain] .s.d.r.c.RepositoryConfigurationDelegate : Finished Spring Data repository scanning in 4 ms. Found 1 JPA repository interface.
2026-08-02T00:09:46.784+05:30  INFO 168744 --- [User_Service] [restartedMain] o.s.boot.tomcat.TomcatWebServer          : Tomcat initialized with port 2000 (http)
2026-08-02T00:09:46.784+05:30  INFO 168744 --- [User_Service] [restartedMain] o.apache.catalina.core.StandardService   : Starting service [Tomcat]
2026-08-02T00:09:46.784+05:30  INFO 168744 --- [User_Service] [restartedMain] o.apache.catalina.core.StandardEngine    : Starting Servlet engine: [Apache Tomcat/11.0.22]
2026-08-02T00:09:46.803+05:30  INFO 168744 --- [User_Service] [restartedMain] b.w.c.s.WebApplicationContextInitializer : Root WebApplicationContext: initialization completed in 147 ms
2026-08-02T00:09:46.821+05:30  INFO 168744 --- [User_Service] [restartedMain] org.hibernate.orm.jpa                    : HHH008540: Processing PersistenceUnitInfo [name: default]
2026-08-02T00:09:46.834+05:30  INFO 168744 --- [User_Service] [restartedMain] o.s.o.j.p.SpringPersistenceUnitInfo      : No LoadTimeWeaver setup: ignoring JPA class transformer
2026-08-02T00:09:46.835+05:30  INFO 168744 --- [User_Service] [restartedMain] com.zaxxer.hikari.HikariDataSource       : HikariPool-9 - Starting...
2026-08-02T00:09:46.996+05:30  INFO 168744 --- [User_Service] [restartedMain] com.zaxxer.hikari.pool.HikariPool        : HikariPool-9 - Added connection org.postgresql.jdbc.PgConnection@1a86ce1d
2026-08-02T00:09:46.996+05:30  INFO 168744 --- [User_Service] [restartedMain] com.zaxxer.hikari.HikariDataSource       : HikariPool-9 - Start completed.
2026-08-02T00:09:47.001+05:30  WARN 168744 --- [User_Service] [restartedMain] org.hibernate.orm.deprecation            : HHH90000025: PostgreSQLDialect does not need to be specified explicitly using 'hibernate.dialect' (remove the property setting and it will be selected by default)
2026-08-02T00:09:47.007+05:30  INFO 168744 --- [User_Service] [restartedMain] org.hibernate.orm.connections.pooling    : HHH10001005: Database info:
	Database JDBC URL [jdbc:postgresql://localhost:5432/postgres]
	Database driver: PostgreSQL JDBC Driver
	Database dialect: PostgreSQLDialect
	Database version: 18.4
	Default catalog/schema: postgres/public
	Autocommit mode: undefined/unknown
	Isolation level: READ_COMMITTED [default READ_COMMITTED]
	JDBC fetch size: none
	Pool: DataSourceConnectionProvider
	Minimum pool size: undefined/unknown
	Maximum pool size: undefined/unknown
2026-08-02T00:09:47.041+05:30  INFO 168744 --- [User_Service] [restartedMain] org.hibernate.orm.core                   : HHH000489: No JTA platform available (set 'hibernate.transaction.jta.platform' to enable JTA platform integration)
2026-08-02T00:09:47.072+05:30  INFO 168744 --- [User_Service] [restartedMain] j.LocalContainerEntityManagerFactoryBean : Initialized JPA EntityManagerFactory for persistence unit 'default'
2026-08-02T00:09:47.125+05:30  WARN 168744 --- [User_Service] [restartedMain] JpaBaseConfiguration$JpaWebConfiguration : spring.jpa.open-in-view is enabled by default. Therefore, database queries may be performed during view rendering. Explicitly configure spring.jpa.open-in-view to disable this warning
2026-08-02T00:09:47.177+05:30  INFO 168744 --- [User_Service] [restartedMain] o.s.boot.tomcat.TomcatWebServer          : Tomcat started on port 2000 (http) with context path '/'
2026-08-02T00:09:47.178+05:30  INFO 168744 --- [User_Service] [restartedMain] c.e.user_service.UserServiceApplication  : Started UserServiceApplication in 0.542 seconds (process running for 676.86)
2026-08-02T00:09:47.179+05:30  INFO 168744 --- [User_Service] [restartedMain] .ConditionEvaluationDeltaLoggingListener : Condition evaluation unchanged
2026-08-02T00:09:49.001+05:30  INFO 168744 --- [User_Service] [File Watcher] rtingClassPathChangeChangedEventListener : Restarting due to 2 class path changes (1 addition, 0 deletions, 1 modification)
2026-08-02T00:09:49.003+05:30  INFO 168744 --- [User_Service] [Thread-31] o.s.boot.tomcat.GracefulShutdown         : Commencing graceful shutdown. Waiting for active requests to complete
2026-08-02T00:09:49.009+05:30  INFO 168744 --- [User_Service] [tomcat-shutdown] o.s.boot.tomcat.GracefulShutdown         : Graceful shutdown complete
2026-08-02T00:09:49.009+05:30  INFO 168744 --- [User_Service] [Thread-31] j.LocalContainerEntityManagerFactoryBean : Closing JPA EntityManagerFactory for persistence unit 'default'
2026-08-02T00:09:49.011+05:30  INFO 168744 --- [User_Service] [Thread-31] com.zaxxer.hikari.HikariDataSource       : HikariPool-9 - Shutdown initiated...
2026-08-02T00:09:49.013+05:30  INFO 168744 --- [User_Service] [Thread-31] com.zaxxer.hikari.HikariDataSource       : HikariPool-9 - Shutdown completed.
2026-08-02T00:09:49.072+05:30  INFO 168744 --- [User_Service] [restartedMain] c.e.user_service.UserServiceApplication  : Starting UserServiceApplication using Java 21.0.11 with PID 168744 (D:\Dev\Backend\Enterprise_Workspace_Platform\User_Service\target\classes started by Shahid in D:\Dev\Backend\Enterprise_Workspace_Platform)
2026-08-02T00:09:49.072+05:30  INFO 168744 --- [User_Service] [restartedMain] c.e.user_service.UserServiceApplication  : No active profile set, falling back to 1 default profile: "default"
2026-08-02T00:09:49.132+05:30  INFO 168744 --- [User_Service] [restartedMain] .s.d.r.c.RepositoryConfigurationDelegate : Bootstrapping Spring Data JPA repositories in DEFAULT mode.
2026-08-02T00:09:49.137+05:30  INFO 168744 --- [User_Service] [restartedMain] .s.d.r.c.RepositoryConfigurationDelegate : Finished Spring Data repository scanning in 4 ms. Found 1 JPA repository interface.
2026-08-02T00:09:49.170+05:30  INFO 168744 --- [User_Service] [restartedMain] o.s.boot.tomcat.TomcatWebServer          : Tomcat initialized with port 2000 (http)
2026-08-02T00:09:49.172+05:30  INFO 168744 --- [User_Service] [restartedMain] o.apache.catalina.core.StandardService   : Starting service [Tomcat]
2026-08-02T00:09:49.172+05:30  INFO 168744 --- [User_Service] [restartedMain] o.apache.catalina.core.StandardEngine    : Starting Servlet engine: [Apache Tomcat/11.0.22]
2026-08-02T00:09:49.185+05:30  INFO 168744 --- [User_Service] [restartedMain] b.w.c.s.WebApplicationContextInitializer : Root WebApplicationContext: initialization completed in 112 ms
2026-08-02T00:09:49.200+05:30  INFO 168744 --- [User_Service] [restartedMain] org.hibernate.orm.jpa                    : HHH008540: Processing PersistenceUnitInfo [name: default]
2026-08-02T00:09:49.212+05:30  INFO 168744 --- [User_Service] [restartedMain] o.s.o.j.p.SpringPersistenceUnitInfo      : No LoadTimeWeaver setup: ignoring JPA class transformer
2026-08-02T00:09:49.212+05:30  INFO 168744 --- [User_Service] [restartedMain] com.zaxxer.hikari.HikariDataSource       : HikariPool-10 - Starting...
2026-08-02T00:09:49.371+05:30  INFO 168744 --- [User_Service] [restartedMain] com.zaxxer.hikari.pool.HikariPool        : HikariPool-10 - Added connection org.postgresql.jdbc.PgConnection@17147dcd
2026-08-02T00:09:49.371+05:30  INFO 168744 --- [User_Service] [restartedMain] com.zaxxer.hikari.HikariDataSource       : HikariPool-10 - Start completed.
2026-08-02T00:09:49.378+05:30  WARN 168744 --- [User_Service] [restartedMain] org.hibernate.orm.deprecation            : HHH90000025: PostgreSQLDialect does not need to be specified explicitly using 'hibernate.dialect' (remove the property setting and it will be selected by default)
2026-08-02T00:09:49.384+05:30  INFO 168744 --- [User_Service] [restartedMain] org.hibernate.orm.connections.pooling    : HHH10001005: Database info:
	Database JDBC URL [jdbc:postgresql://localhost:5432/postgres]
	Database driver: PostgreSQL JDBC Driver
	Database dialect: PostgreSQLDialect
	Database version: 18.4
	Default catalog/schema: postgres/public
	Autocommit mode: undefined/unknown
	Isolation level: READ_COMMITTED [default READ_COMMITTED]
	JDBC fetch size: none
	Pool: DataSourceConnectionProvider
	Minimum pool size: undefined/unknown
	Maximum pool size: undefined/unknown
2026-08-02T00:09:49.437+05:30  INFO 168744 --- [User_Service] [restartedMain] org.hibernate.orm.core                   : HHH000489: No JTA platform available (set 'hibernate.transaction.jta.platform' to enable JTA platform integration)
2026-08-02T00:09:49.474+05:30  INFO 168744 --- [User_Service] [restartedMain] j.LocalContainerEntityManagerFactoryBean : Initialized JPA EntityManagerFactory for persistence unit 'default'
2026-08-02T00:09:49.514+05:30  WARN 168744 --- [User_Service] [restartedMain] JpaBaseConfiguration$JpaWebConfiguration : spring.jpa.open-in-view is enabled by default. Therefore, database queries may be performed during view rendering. Explicitly configure spring.jpa.open-in-view to disable this warning
2026-08-02T00:09:49.563+05:30  INFO 168744 --- [User_Service] [restartedMain] o.s.boot.tomcat.TomcatWebServer          : Tomcat started on port 2000 (http) with context path '/'
2026-08-02T00:09:49.565+05:30  INFO 168744 --- [User_Service] [restartedMain] c.e.user_service.UserServiceApplication  : Started UserServiceApplication in 0.506 seconds (process running for 679.247)
2026-08-02T00:09:49.565+05:30  INFO 168744 --- [User_Service] [SpringApplicationShutdownHook] o.s.boot.tomcat.GracefulShutdown         : Commencing graceful shutdown. Waiting for active requests to complete
2026-08-02T00:09:49.565+05:30  INFO 168744 --- [User_Service] [restartedMain] .ConditionEvaluationDeltaLoggingListener : Condition evaluation unchanged
2026-08-02T00:09:49.572+05:30  INFO 168744 --- [User_Service] [tomcat-shutdown] o.s.boot.tomcat.GracefulShutdown         : Graceful shutdown complete
2026-08-02T00:09:49.574+05:30  INFO 168744 --- [User_Service] [SpringApplicationShutdownHook] j.LocalContainerEntityManagerFactoryBean : Closing JPA EntityManagerFactory for persistence unit 'default'
2026-08-02T00:09:49.574+05:30  INFO 168744 --- [User_Service] [SpringApplicationShutdownHook] com.zaxxer.hikari.HikariDataSource       : HikariPool-10 - Shutdown initiated...
2026-08-02T00:09:49.689+05:30  INFO 168744 --- [User_Service] [SpringApplicationShutdownHook] com.zaxxer.hikari.HikariDataSource       : HikariPool-10 - Shutdown completed.
2026-08-02T00:16:12.682+05:30  INFO 159336 --- [User_Service] [restartedMain] c.e.user_service.UserServiceApplication  : Starting UserServiceApplication using Java 21.0.11 with PID 159336 (D:\Dev\Backend\Enterprise_Workspace_Platform\User_Service\target\classes started by Shahid in D:\Dev\Backend\Enterprise_Workspace_Platform)
2026-08-02T00:16:12.684+05:30  INFO 159336 --- [User_Service] [restartedMain] c.e.user_service.UserServiceApplication  : No active profile set, falling back to 1 default profile: "default"
2026-08-02T00:16:12.724+05:30  INFO 159336 --- [User_Service] [restartedMain] .e.DevToolsPropertyDefaultsPostProcessor : Devtools property defaults active! Set 'spring.devtools.add-properties' to 'false' to disable
2026-08-02T00:16:12.724+05:30  INFO 159336 --- [User_Service] [restartedMain] .e.DevToolsPropertyDefaultsPostProcessor : For additional web related logging consider setting the 'logging.level.web' property to 'DEBUG'
2026-08-02T00:16:13.194+05:30  INFO 159336 --- [User_Service] [restartedMain] .s.d.r.c.RepositoryConfigurationDelegate : Bootstrapping Spring Data JPA repositories in DEFAULT mode.
2026-08-02T00:16:13.251+05:30  INFO 159336 --- [User_Service] [restartedMain] .s.d.r.c.RepositoryConfigurationDelegate : Finished Spring Data repository scanning in 48 ms. Found 2 JPA repository interfaces.
2026-08-02T00:16:13.637+05:30  INFO 159336 --- [User_Service] [restartedMain] o.s.boot.tomcat.TomcatWebServer          : Tomcat initialized with port 2000 (http)
2026-08-02T00:16:13.651+05:30  INFO 159336 --- [User_Service] [restartedMain] o.apache.catalina.core.StandardService   : Starting service [Tomcat]
2026-08-02T00:16:13.654+05:30  INFO 159336 --- [User_Service] [restartedMain] o.apache.catalina.core.StandardEngine    : Starting Servlet engine: [Apache Tomcat/11.0.22]
2026-08-02T00:16:13.686+05:30  INFO 159336 --- [User_Service] [restartedMain] b.w.c.s.WebApplicationContextInitializer : Root WebApplicationContext: initialization completed in 962 ms
2026-08-02T00:16:13.856+05:30  INFO 159336 --- [User_Service] [restartedMain] org.hibernate.orm.jpa                    : HHH008540: Processing PersistenceUnitInfo [name: default]
2026-08-02T00:16:13.924+05:30  INFO 159336 --- [User_Service] [restartedMain] org.hibernate.orm.core                   : HHH000001: Hibernate ORM core version 7.4.1.Final
2026-08-02T00:16:14.278+05:30  INFO 159336 --- [User_Service] [restartedMain] o.s.o.j.p.SpringPersistenceUnitInfo      : No LoadTimeWeaver setup: ignoring JPA class transformer
2026-08-02T00:16:14.312+05:30  INFO 159336 --- [User_Service] [restartedMain] com.zaxxer.hikari.HikariDataSource       : HikariPool-1 - Starting...
2026-08-02T00:16:14.608+05:30  INFO 159336 --- [User_Service] [restartedMain] com.zaxxer.hikari.pool.HikariPool        : HikariPool-1 - Added connection org.postgresql.jdbc.PgConnection@3aa2746c
2026-08-02T00:16:14.610+05:30  INFO 159336 --- [User_Service] [restartedMain] com.zaxxer.hikari.HikariDataSource       : HikariPool-1 - Start completed.
2026-08-02T00:16:14.670+05:30  WARN 159336 --- [User_Service] [restartedMain] org.hibernate.orm.deprecation            : HHH90000025: PostgreSQLDialect does not need to be specified explicitly using 'hibernate.dialect' (remove the property setting and it will be selected by default)
2026-08-02T00:16:14.711+05:30  INFO 159336 --- [User_Service] [restartedMain] org.hibernate.orm.connections.pooling    : HHH10001005: Database info:
	Database JDBC URL [jdbc:postgresql://localhost:5432/postgres]
	Database driver: PostgreSQL JDBC Driver
	Database dialect: PostgreSQLDialect
	Database version: 18.4
	Default catalog/schema: postgres/public
	Autocommit mode: undefined/unknown
	Isolation level: READ_COMMITTED [default READ_COMMITTED]
	JDBC fetch size: none
	Pool: DataSourceConnectionProvider
	Minimum pool size: undefined/unknown
	Maximum pool size: undefined/unknown
2026-08-02T00:16:16.351+05:30  INFO 159336 --- [User_Service] [restartedMain] org.hibernate.orm.core                   : HHH000489: No JTA platform available (set 'hibernate.transaction.jta.platform' to enable JTA platform integration)
2026-08-02T00:16:16.459+05:30  INFO 159336 --- [User_Service] [restartedMain] j.LocalContainerEntityManagerFactoryBean : Initialized JPA EntityManagerFactory for persistence unit 'default'
2026-08-02T00:16:16.521+05:30  INFO 159336 --- [User_Service] [restartedMain] o.s.d.j.r.query.QueryEnhancerFactories   : Hibernate is in classpath; If applicable, HQL parser will be used.
2026-08-02T00:16:16.693+05:30  WARN 159336 --- [User_Service] [restartedMain] JpaBaseConfiguration$JpaWebConfiguration : spring.jpa.open-in-view is enabled by default. Therefore, database queries may be performed during view rendering. Explicitly configure spring.jpa.open-in-view to disable this warning
2026-08-02T00:16:17.025+05:30  INFO 159336 --- [User_Service] [restartedMain] o.s.boot.tomcat.TomcatWebServer          : Tomcat started on port 2000 (http) with context path '/'
2026-08-02T00:16:17.029+05:30  INFO 159336 --- [User_Service] [restartedMain] c.e.user_service.UserServiceApplication  : Started UserServiceApplication in 4.742 seconds (process running for 5.372)
2026-08-02T00:16:24.101+05:30  INFO 159336 --- [User_Service] [http-nio-2000-exec-2] o.a.c.c.C.[Tomcat].[localhost].[/]       : Initializing Spring DispatcherServlet 'dispatcherServlet'
2026-08-02T00:16:24.101+05:30  INFO 159336 --- [User_Service] [http-nio-2000-exec-2] o.s.web.servlet.DispatcherServlet        : Initializing Servlet 'dispatcherServlet'
2026-08-02T00:16:24.101+05:30  INFO 159336 --- [User_Service] [http-nio-2000-exec-2] o.s.web.servlet.DispatcherServlet        : Completed initialization in 0 ms
2026-08-02T00:16:24.352+05:30  WARN 159336 --- [User_Service] [http-nio-2000-exec-2] .w.s.m.s.DefaultHandlerExceptionResolver : Resolved [org.springframework.http.converter.HttpMessageNotReadableException: JSON parse error: Cannot deserialize value of type `com.ewp.user_service.model.RoleName` from String "Developer": not one of the values accepted for Enum class: [DEVELOPER, USER, ADMIN]]
2026-08-02T00:16:33.606+05:30  WARN 159336 --- [User_Service] [http-nio-2000-exec-3] .w.s.m.s.DefaultHandlerExceptionResolver : Resolved [org.springframework.http.converter.HttpMessageNotReadableException: JSON parse error: Cannot deserialize value of type `com.ewp.user_service.model.RoleName` from String "Developer": not one of the values accepted for Enum class: [DEVELOPER, USER, ADMIN]]
2026-08-02T00:16:35.692+05:30  WARN 159336 --- [User_Service] [http-nio-2000-exec-6] .w.s.m.s.DefaultHandlerExceptionResolver : Resolved [org.springframework.http.converter.HttpMessageNotReadableException: JSON parse error: Cannot deserialize value of type `com.ewp.user_service.model.RoleName` from String "Developer": not one of the values accepted for Enum class: [DEVELOPER, USER, ADMIN]]
2026-08-02T00:17:29.820+05:30 ERROR 159336 --- [User_Service] [http-nio-2000-exec-7] o.a.c.c.C.[.[.[/].[dispatcherServlet]    : Servlet.service() for servlet [dispatcherServlet] in context with path [] threw exception [Request processing failed: jakarta.validation.UnexpectedTypeException: HV000030: No validator could be found for constraint 'jakarta.validation.constraints.NotBlank' validating type 'com.ewp.user_service.model.RoleName'. Check configuration for 'role'] with root cause

jakarta.validation.UnexpectedTypeException: HV000030: No validator could be found for constraint 'jakarta.validation.constraints.NotBlank' validating type 'com.ewp.user_service.model.RoleName'. Check configuration for 'role'
	at org.hibernate.validator.internal.engine.constraintvalidation.ConstraintTree.getExceptionForNullValidator(ConstraintTree.java:99) ~[hibernate-validator-9.1.0.Final.jar:9.1.0.Final]
	at org.hibernate.validator.internal.engine.constraintvalidation.ConstraintTree.getInitializedConstraintValidator(ConstraintTree.java:145) ~[hibernate-validator-9.1.0.Final.jar:9.1.0.Final]
	at org.hibernate.validator.internal.engine.constraintvalidation.SimpleConstraintTree.doValidateConstraints(SimpleConstraintTree.java:83) ~[hibernate-validator-9.1.0.Final.jar:9.1.0.Final]
	at org.hibernate.validator.internal.engine.constraintvalidation.SimpleConstraintTree.validateConstraints(SimpleConstraintTree.java:40) ~[hibernate-validator-9.1.0.Final.jar:9.1.0.Final]
	at org.hibernate.validator.internal.metadata.core.MetaConstraint.doValidateConstraint(MetaConstraint.java:132) ~[hibernate-validator-9.1.0.Final.jar:9.1.0.Final]
	at org.hibernate.validator.internal.metadata.core.MetaConstraint.validateConstraint(MetaConstraint.java:124) ~[hibernate-validator-9.1.0.Final.jar:9.1.0.Final]
	at org.hibernate.validator.internal.engine.ValidatorImpl.validateMetaConstraint(ValidatorImpl.java:602) ~[hibernate-validator-9.1.0.Final.jar:9.1.0.Final]
	at org.hibernate.validator.internal.engine.ValidatorImpl.validateConstraintsForSingleDefaultGroupElement(ValidatorImpl.java:546) ~[hibernate-validator-9.1.0.Final.jar:9.1.0.Final]
	at org.hibernate.validator.internal.engine.ValidatorImpl.validateConstraintsForDefaultGroup(ValidatorImpl.java:512) ~[hibernate-validator-9.1.0.Final.jar:9.1.0.Final]
	at org.hibernate.validator.internal.engine.ValidatorImpl.validateConstraintsForCurrentGroup(ValidatorImpl.java:448) ~[hibernate-validator-9.1.0.Final.jar:9.1.0.Final]
	at org.hibernate.validator.internal.engine.ValidatorImpl.validateInContext(ValidatorImpl.java:398) ~[hibernate-validator-9.1.0.Final.jar:9.1.0.Final]
	at org.hibernate.validator.internal.engine.ValidatorImpl.validate(ValidatorImpl.java:170) ~[hibernate-validator-9.1.0.Final.jar:9.1.0.Final]
	at org.springframework.validation.beanvalidation.SpringValidatorAdapter.validate(SpringValidatorAdapter.java:111) ~[spring-context-7.0.8.jar:7.0.8]
	at org.springframework.boot.validation.autoconfigure.ValidatorAdapter.validate(ValidatorAdapter.java:74) ~[spring-boot-validation-4.1.0.jar:4.1.0]
	at org.springframework.validation.DataBinder.validate(DataBinder.java:1397) ~[spring-context-7.0.8.jar:7.0.8]
	at org.springframework.web.servlet.mvc.method.annotation.AbstractMessageConverterMethodArgumentResolver.validateIfApplicable(AbstractMessageConverterMethodArgumentResolver.java:290) ~[spring-webmvc-7.0.8.jar:7.0.8]
	at org.springframework.web.servlet.mvc.method.annotation.RequestResponseBodyMethodProcessor.resolveArgument(RequestResponseBodyMethodProcessor.java:163) ~[spring-webmvc-7.0.8.jar:7.0.8]
	at org.springframework.web.method.support.HandlerMethodArgumentResolverComposite.resolveArgument(HandlerMethodArgumentResolverComposite.java:122) ~[spring-web-7.0.8.jar:7.0.8]
	at org.springframework.web.method.support.InvocableHandlerMethod.getMethodArgumentValues(InvocableHandlerMethod.java:224) ~[spring-web-7.0.8.jar:7.0.8]
	at org.springframework.web.method.support.InvocableHandlerMethod.invokeForRequest(InvocableHandlerMethod.java:174) ~[spring-web-7.0.8.jar:7.0.8]
	at org.springframework.web.servlet.mvc.method.annotation.ServletInvocableHandlerMethod.invokeAndHandle(ServletInvocableHandlerMethod.java:117) ~[spring-webmvc-7.0.8.jar:7.0.8]
	at org.springframework.web.servlet.mvc.method.annotation.RequestMappingHandlerAdapter.invokeHandlerMethod(RequestMappingHandlerAdapter.java:934) ~[spring-webmvc-7.0.8.jar:7.0.8]
	at org.springframework.web.servlet.mvc.method.annotation.RequestMappingHandlerAdapter.handleInternal(RequestMappingHandlerAdapter.java:853) ~[spring-webmvc-7.0.8.jar:7.0.8]
	at org.springframework.web.servlet.mvc.method.AbstractHandlerMethodAdapter.handle(AbstractHandlerMethodAdapter.java:86) ~[spring-webmvc-7.0.8.jar:7.0.8]
	at org.springframework.web.servlet.DispatcherServlet.doDispatch(DispatcherServlet.java:963) ~[spring-webmvc-7.0.8.jar:7.0.8]
	at org.springframework.web.servlet.DispatcherServlet.doService(DispatcherServlet.java:866) ~[spring-webmvc-7.0.8.jar:7.0.8]
	at org.springframework.web.servlet.FrameworkServlet.processRequest(FrameworkServlet.java:1000) ~[spring-webmvc-7.0.8.jar:7.0.8]
	at org.springframework.web.servlet.FrameworkServlet.doPost(FrameworkServlet.java:903) ~[spring-webmvc-7.0.8.jar:7.0.8]
	at jakarta.servlet.http.HttpServlet.service(HttpServlet.java:649) ~[tomcat-embed-core-11.0.22.jar:6.1]
	at org.springframework.web.servlet.FrameworkServlet.service(FrameworkServlet.java:874) ~[spring-webmvc-7.0.8.jar:7.0.8]
	at jakarta.servlet.http.HttpServlet.service(HttpServlet.java:710) ~[tomcat-embed-core-11.0.22.jar:6.1]
	at org.apache.catalina.core.ApplicationFilterChain.doFilter(ApplicationFilterChain.java:128) ~[tomcat-embed-core-11.0.22.jar:11.0.22]
	at org.apache.tomcat.websocket.server.WsFilter.doFilter(WsFilter.java:53) ~[tomcat-embed-websocket-11.0.22.jar:11.0.22]
	at org.apache.catalina.core.ApplicationFilterChain.doFilter(ApplicationFilterChain.java:107) ~[tomcat-embed-core-11.0.22.jar:11.0.22]
	at org.springframework.web.filter.RequestContextFilter.doFilterInternal(RequestContextFilter.java:100) ~[spring-web-7.0.8.jar:7.0.8]
	at org.springframework.web.filter.OncePerRequestFilter.doFilter(OncePerRequestFilter.java:116) ~[spring-web-7.0.8.jar:7.0.8]
	at org.apache.catalina.core.ApplicationFilterChain.doFilter(ApplicationFilterChain.java:107) ~[tomcat-embed-core-11.0.22.jar:11.0.22]
	at org.springframework.web.filter.FormContentFilter.doFilterInternal(FormContentFilter.java:93) ~[spring-web-7.0.8.jar:7.0.8]
	at org.springframework.web.filter.OncePerRequestFilter.doFilter(OncePerRequestFilter.java:116) ~[spring-web-7.0.8.jar:7.0.8]
	at org.apache.catalina.core.ApplicationFilterChain.doFilter(ApplicationFilterChain.java:107) ~[tomcat-embed-core-11.0.22.jar:11.0.22]
	at org.springframework.web.filter.CharacterEncodingFilter.doFilterInternal(CharacterEncodingFilter.java:199) ~[spring-web-7.0.8.jar:7.0.8]
	at org.springframework.web.filter.OncePerRequestFilter.doFilter(OncePerRequestFilter.java:116) ~[spring-web-7.0.8.jar:7.0.8]
	at org.apache.catalina.core.ApplicationFilterChain.doFilter(ApplicationFilterChain.java:107) ~[tomcat-embed-core-11.0.22.jar:11.0.22]
	at org.apache.catalina.core.StandardWrapperValve.invoke(StandardWrapperValve.java:165) ~[tomcat-embed-core-11.0.22.jar:11.0.22]
	at org.apache.catalina.core.StandardContextValve.invoke(StandardContextValve.java:77) ~[tomcat-embed-core-11.0.22.jar:11.0.22]
	at org.apache.catalina.authenticator.AuthenticatorBase.invoke(AuthenticatorBase.java:492) ~[tomcat-embed-core-11.0.22.jar:11.0.22]
	at org.apache.catalina.core.StandardHostValve.invoke(StandardHostValve.java:113) ~[tomcat-embed-core-11.0.22.jar:11.0.22]
	at org.apache.catalina.valves.ErrorReportValve.invoke(ErrorReportValve.java:83) ~[tomcat-embed-core-11.0.22.jar:11.0.22]
	at org.apache.catalina.core.StandardEngineValve.invoke(StandardEngineValve.java:72) ~[tomcat-embed-core-11.0.22.jar:11.0.22]
	at org.apache.catalina.connector.CoyoteAdapter.service(CoyoteAdapter.java:341) ~[tomcat-embed-core-11.0.22.jar:11.0.22]
	at org.apache.coyote.http11.Http11Processor.service(Http11Processor.java:397) ~[tomcat-embed-core-11.0.22.jar:11.0.22]
	at org.apache.coyote.AbstractProcessorLight.process(AbstractProcessorLight.java:63) ~[tomcat-embed-core-11.0.22.jar:11.0.22]
	at org.apache.coyote.AbstractProtocol$ConnectionHandler.process(AbstractProtocol.java:1272) ~[tomcat-embed-core-11.0.22.jar:11.0.22]
	at org.apache.tomcat.util.net.NioEndpoint$SocketProcessor.doRun(NioEndpoint.java:1801) ~[tomcat-embed-core-11.0.22.jar:11.0.22]
	at org.apache.tomcat.util.net.SocketProcessorBase.run(SocketProcessorBase.java:52) ~[tomcat-embed-core-11.0.22.jar:11.0.22]
	at org.apache.tomcat.util.threads.ThreadPoolExecutor.runWorker(ThreadPoolExecutor.java:946) ~[tomcat-embed-core-11.0.22.jar:11.0.22]
	at org.apache.tomcat.util.threads.ThreadPoolExecutor$Worker.run(ThreadPoolExecutor.java:480) ~[tomcat-embed-core-11.0.22.jar:11.0.22]
	at org.apache.tomcat.util.threads.TaskThread$WrappingRunnable.run(TaskThread.java:57) ~[tomcat-embed-core-11.0.22.jar:11.0.22]
	at java.base/java.lang.Thread.run(Thread.java:1583) ~[na:na]

2026-08-02T00:18:43.944+05:30  INFO 159336 --- [User_Service] [SpringApplicationShutdownHook] o.s.boot.tomcat.GracefulShutdown         : Commencing graceful shutdown. Waiting for active requests to complete
2026-08-02T00:18:43.951+05:30  INFO 159336 --- [User_Service] [tomcat-shutdown] o.s.boot.tomcat.GracefulShutdown         : Graceful shutdown complete
2026-08-02T00:18:43.955+05:30  INFO 159336 --- [User_Service] [SpringApplicationShutdownHook] j.LocalContainerEntityManagerFactoryBean : Closing JPA EntityManagerFactory for persistence unit 'default'
2026-08-02T00:18:43.958+05:30  INFO 159336 --- [User_Service] [SpringApplicationShutdownHook] com.zaxxer.hikari.HikariDataSource       : HikariPool-1 - Shutdown initiated...
2026-08-02T00:18:43.961+05:30  INFO 159336 --- [User_Service] [SpringApplicationShutdownHook] com.zaxxer.hikari.HikariDataSource       : HikariPool-1 - Shutdown completed.
2026-08-02T00:18:47.564+05:30  INFO 186812 --- [User_Service] [restartedMain] c.e.user_service.UserServiceApplication  : Starting UserServiceApplication using Java 21.0.11 with PID 186812 (D:\Dev\Backend\Enterprise_Workspace_Platform\User_Service\target\classes started by Shahid in D:\Dev\Backend\Enterprise_Workspace_Platform)
2026-08-02T00:18:47.566+05:30  INFO 186812 --- [User_Service] [restartedMain] c.e.user_service.UserServiceApplication  : No active profile set, falling back to 1 default profile: "default"
2026-08-02T00:18:47.607+05:30  INFO 186812 --- [User_Service] [restartedMain] .e.DevToolsPropertyDefaultsPostProcessor : Devtools property defaults active! Set 'spring.devtools.add-properties' to 'false' to disable
2026-08-02T00:18:47.607+05:30  INFO 186812 --- [User_Service] [restartedMain] .e.DevToolsPropertyDefaultsPostProcessor : For additional web related logging consider setting the 'logging.level.web' property to 'DEBUG'
2026-08-02T00:18:48.027+05:30  INFO 186812 --- [User_Service] [restartedMain] .s.d.r.c.RepositoryConfigurationDelegate : Bootstrapping Spring Data JPA repositories in DEFAULT mode.
2026-08-02T00:18:48.067+05:30  INFO 186812 --- [User_Service] [restartedMain] .s.d.r.c.RepositoryConfigurationDelegate : Finished Spring Data repository scanning in 32 ms. Found 2 JPA repository interfaces.
2026-08-02T00:18:48.416+05:30  INFO 186812 --- [User_Service] [restartedMain] o.s.boot.tomcat.TomcatWebServer          : Tomcat initialized with port 2000 (http)
2026-08-02T00:18:48.436+05:30  INFO 186812 --- [User_Service] [restartedMain] o.apache.catalina.core.StandardService   : Starting service [Tomcat]
2026-08-02T00:18:48.436+05:30  INFO 186812 --- [User_Service] [restartedMain] o.apache.catalina.core.StandardEngine    : Starting Servlet engine: [Apache Tomcat/11.0.22]
2026-08-02T00:18:48.464+05:30  INFO 186812 --- [User_Service] [restartedMain] b.w.c.s.WebApplicationContextInitializer : Root WebApplicationContext: initialization completed in 856 ms
2026-08-02T00:18:48.598+05:30  INFO 186812 --- [User_Service] [restartedMain] org.hibernate.orm.jpa                    : HHH008540: Processing PersistenceUnitInfo [name: default]
2026-08-02T00:18:48.642+05:30  INFO 186812 --- [User_Service] [restartedMain] org.hibernate.orm.core                   : HHH000001: Hibernate ORM core version 7.4.1.Final
2026-08-02T00:18:48.946+05:30  INFO 186812 --- [User_Service] [restartedMain] o.s.o.j.p.SpringPersistenceUnitInfo      : No LoadTimeWeaver setup: ignoring JPA class transformer
2026-08-02T00:18:48.968+05:30  INFO 186812 --- [User_Service] [restartedMain] com.zaxxer.hikari.HikariDataSource       : HikariPool-1 - Starting...
2026-08-02T00:18:49.249+05:30  INFO 186812 --- [User_Service] [restartedMain] com.zaxxer.hikari.pool.HikariPool        : HikariPool-1 - Added connection org.postgresql.jdbc.PgConnection@5469b755
2026-08-02T00:18:49.249+05:30  INFO 186812 --- [User_Service] [restartedMain] com.zaxxer.hikari.HikariDataSource       : HikariPool-1 - Start completed.
2026-08-02T00:18:49.273+05:30  WARN 186812 --- [User_Service] [restartedMain] org.hibernate.orm.deprecation            : HHH90000025: PostgreSQLDialect does not need to be specified explicitly using 'hibernate.dialect' (remove the property setting and it will be selected by default)
2026-08-02T00:18:49.291+05:30  INFO 186812 --- [User_Service] [restartedMain] org.hibernate.orm.connections.pooling    : HHH10001005: Database info:
	Database JDBC URL [jdbc:postgresql://localhost:5432/postgres]
	Database driver: PostgreSQL JDBC Driver
	Database dialect: PostgreSQLDialect
	Database version: 18.4
	Default catalog/schema: postgres/public
	Autocommit mode: undefined/unknown
	Isolation level: READ_COMMITTED [default READ_COMMITTED]
	JDBC fetch size: none
	Pool: DataSourceConnectionProvider
	Minimum pool size: undefined/unknown
	Maximum pool size: undefined/unknown
2026-08-02T00:18:50.232+05:30  INFO 186812 --- [User_Service] [restartedMain] org.hibernate.orm.core                   : HHH000489: No JTA platform available (set 'hibernate.transaction.jta.platform' to enable JTA platform integration)
2026-08-02T00:18:50.302+05:30  INFO 186812 --- [User_Service] [restartedMain] j.LocalContainerEntityManagerFactoryBean : Initialized JPA EntityManagerFactory for persistence unit 'default'
2026-08-02T00:18:50.365+05:30  INFO 186812 --- [User_Service] [restartedMain] o.s.d.j.r.query.QueryEnhancerFactories   : Hibernate is in classpath; If applicable, HQL parser will be used.
2026-08-02T00:18:50.513+05:30  WARN 186812 --- [User_Service] [restartedMain] JpaBaseConfiguration$JpaWebConfiguration : spring.jpa.open-in-view is enabled by default. Therefore, database queries may be performed during view rendering. Explicitly configure spring.jpa.open-in-view to disable this warning
2026-08-02T00:18:50.793+05:30  INFO 186812 --- [User_Service] [restartedMain] o.s.boot.tomcat.TomcatWebServer          : Tomcat started on port 2000 (http) with context path '/'
2026-08-02T00:18:50.797+05:30  INFO 186812 --- [User_Service] [restartedMain] c.e.user_service.UserServiceApplication  : Started UserServiceApplication in 3.567 seconds (process running for 4.115)
2026-08-02T00:18:53.436+05:30  INFO 186812 --- [User_Service] [http-nio-2000-exec-2] o.a.c.c.C.[Tomcat].[localhost].[/]       : Initializing Spring DispatcherServlet 'dispatcherServlet'
2026-08-02T00:18:53.436+05:30  INFO 186812 --- [User_Service] [http-nio-2000-exec-2] o.s.web.servlet.DispatcherServlet        : Initializing Servlet 'dispatcherServlet'
2026-08-02T00:18:53.436+05:30  INFO 186812 --- [User_Service] [http-nio-2000-exec-2] o.s.web.servlet.DispatcherServlet        : Completed initialization in 0 ms
2026-08-02T00:18:54.552+05:30  WARN 186812 --- [User_Service] [http-nio-2000-exec-2] .m.m.a.ExceptionHandlerExceptionResolver : Resolved [com.ewp.user_service.exception.InvalidRoleException: Invalid Role entered]
2026-08-02T00:20:34.749+05:30  INFO 186812 --- [User_Service] [SpringApplicationShutdownHook] o.s.boot.tomcat.GracefulShutdown         : Commencing graceful shutdown. Waiting for active requests to complete
2026-08-02T00:20:34.755+05:30  INFO 186812 --- [User_Service] [tomcat-shutdown] o.s.boot.tomcat.GracefulShutdown         : Graceful shutdown complete
2026-08-02T00:20:34.759+05:30  INFO 186812 --- [User_Service] [SpringApplicationShutdownHook] j.LocalContainerEntityManagerFactoryBean : Closing JPA EntityManagerFactory for persistence unit 'default'
2026-08-02T00:20:34.761+05:30  INFO 186812 --- [User_Service] [SpringApplicationShutdownHook] com.zaxxer.hikari.HikariDataSource       : HikariPool-1 - Shutdown initiated...
2026-08-02T00:20:34.764+05:30  INFO 186812 --- [User_Service] [SpringApplicationShutdownHook] com.zaxxer.hikari.HikariDataSource       : HikariPool-1 - Shutdown completed.
2026-08-02T00:20:36.667+05:30  INFO 184772 --- [User_Service] [restartedMain] c.e.user_service.UserServiceApplication  : Starting UserServiceApplication using Java 21.0.11 with PID 184772 (D:\Dev\Backend\Enterprise_Workspace_Platform\User_Service\target\classes started by Shahid in D:\Dev\Backend\Enterprise_Workspace_Platform)
2026-08-02T00:20:36.669+05:30  INFO 184772 --- [User_Service] [restartedMain] c.e.user_service.UserServiceApplication  : No active profile set, falling back to 1 default profile: "default"
2026-08-02T00:20:36.706+05:30  INFO 184772 --- [User_Service] [restartedMain] .e.DevToolsPropertyDefaultsPostProcessor : Devtools property defaults active! Set 'spring.devtools.add-properties' to 'false' to disable
2026-08-02T00:20:36.706+05:30  INFO 184772 --- [User_Service] [restartedMain] .e.DevToolsPropertyDefaultsPostProcessor : For additional web related logging consider setting the 'logging.level.web' property to 'DEBUG'
2026-08-02T00:20:37.112+05:30  INFO 184772 --- [User_Service] [restartedMain] .s.d.r.c.RepositoryConfigurationDelegate : Bootstrapping Spring Data JPA repositories in DEFAULT mode.
2026-08-02T00:20:37.155+05:30  INFO 184772 --- [User_Service] [restartedMain] .s.d.r.c.RepositoryConfigurationDelegate : Finished Spring Data repository scanning in 34 ms. Found 2 JPA repository interfaces.
2026-08-02T00:20:37.478+05:30  INFO 184772 --- [User_Service] [restartedMain] o.s.boot.tomcat.TomcatWebServer          : Tomcat initialized with port 2000 (http)
2026-08-02T00:20:37.488+05:30  INFO 184772 --- [User_Service] [restartedMain] o.apache.catalina.core.StandardService   : Starting service [Tomcat]
2026-08-02T00:20:37.488+05:30  INFO 184772 --- [User_Service] [restartedMain] o.apache.catalina.core.StandardEngine    : Starting Servlet engine: [Apache Tomcat/11.0.22]
2026-08-02T00:20:37.531+05:30  INFO 184772 --- [User_Service] [restartedMain] b.w.c.s.WebApplicationContextInitializer : Root WebApplicationContext: initialization completed in 824 ms
2026-08-02T00:20:37.662+05:30  INFO 184772 --- [User_Service] [restartedMain] org.hibernate.orm.jpa                    : HHH008540: Processing PersistenceUnitInfo [name: default]
2026-08-02T00:20:37.703+05:30  INFO 184772 --- [User_Service] [restartedMain] org.hibernate.orm.core                   : HHH000001: Hibernate ORM core version 7.4.1.Final
2026-08-02T00:20:37.944+05:30  INFO 184772 --- [User_Service] [restartedMain] o.s.o.j.p.SpringPersistenceUnitInfo      : No LoadTimeWeaver setup: ignoring JPA class transformer
2026-08-02T00:20:37.970+05:30  INFO 184772 --- [User_Service] [restartedMain] com.zaxxer.hikari.HikariDataSource       : HikariPool-1 - Starting...
2026-08-02T00:20:38.232+05:30  INFO 184772 --- [User_Service] [restartedMain] com.zaxxer.hikari.pool.HikariPool        : HikariPool-1 - Added connection org.postgresql.jdbc.PgConnection@61822a86
2026-08-02T00:20:38.234+05:30  INFO 184772 --- [User_Service] [restartedMain] com.zaxxer.hikari.HikariDataSource       : HikariPool-1 - Start completed.
2026-08-02T00:20:38.258+05:30  WARN 184772 --- [User_Service] [restartedMain] org.hibernate.orm.deprecation            : HHH90000025: PostgreSQLDialect does not need to be specified explicitly using 'hibernate.dialect' (remove the property setting and it will be selected by default)
2026-08-02T00:20:38.274+05:30  INFO 184772 --- [User_Service] [restartedMain] org.hibernate.orm.connections.pooling    : HHH10001005: Database info:
	Database JDBC URL [jdbc:postgresql://localhost:5432/postgres]
	Database driver: PostgreSQL JDBC Driver
	Database dialect: PostgreSQLDialect
	Database version: 18.4
	Default catalog/schema: postgres/public
	Autocommit mode: undefined/unknown
	Isolation level: READ_COMMITTED [default READ_COMMITTED]
	JDBC fetch size: none
	Pool: DataSourceConnectionProvider
	Minimum pool size: undefined/unknown
	Maximum pool size: undefined/unknown
2026-08-02T00:20:38.928+05:30  INFO 184772 --- [User_Service] [restartedMain] org.hibernate.orm.core                   : HHH000489: No JTA platform available (set 'hibernate.transaction.jta.platform' to enable JTA platform integration)
2026-08-02T00:20:38.993+05:30  INFO 184772 --- [User_Service] [restartedMain] j.LocalContainerEntityManagerFactoryBean : Initialized JPA EntityManagerFactory for persistence unit 'default'
2026-08-02T00:20:39.042+05:30  INFO 184772 --- [User_Service] [restartedMain] o.s.d.j.r.query.QueryEnhancerFactories   : Hibernate is in classpath; If applicable, HQL parser will be used.
2026-08-02T00:20:39.184+05:30  WARN 184772 --- [User_Service] [restartedMain] JpaBaseConfiguration$JpaWebConfiguration : spring.jpa.open-in-view is enabled by default. Therefore, database queries may be performed during view rendering. Explicitly configure spring.jpa.open-in-view to disable this warning
2026-08-02T00:20:39.443+05:30  INFO 184772 --- [User_Service] [restartedMain] o.s.boot.tomcat.TomcatWebServer          : Tomcat started on port 2000 (http) with context path '/'
2026-08-02T00:20:39.447+05:30  INFO 184772 --- [User_Service] [restartedMain] c.e.user_service.UserServiceApplication  : Started UserServiceApplication in 3.107 seconds (process running for 3.776)
2026-08-02T00:22:01.522+05:30  INFO 184772 --- [User_Service] [SpringApplicationShutdownHook] o.s.boot.tomcat.GracefulShutdown         : Commencing graceful shutdown. Waiting for active requests to complete
2026-08-02T00:22:01.529+05:30  INFO 184772 --- [User_Service] [tomcat-shutdown] o.s.boot.tomcat.GracefulShutdown         : Graceful shutdown complete
2026-08-02T00:22:01.534+05:30  INFO 184772 --- [User_Service] [SpringApplicationShutdownHook] j.LocalContainerEntityManagerFactoryBean : Closing JPA EntityManagerFactory for persistence unit 'default'
2026-08-02T00:22:01.537+05:30  INFO 184772 --- [User_Service] [SpringApplicationShutdownHook] com.zaxxer.hikari.HikariDataSource       : HikariPool-1 - Shutdown initiated...
2026-08-02T00:22:01.543+05:30  INFO 184772 --- [User_Service] [SpringApplicationShutdownHook] com.zaxxer.hikari.HikariDataSource       : HikariPool-1 - Shutdown completed.
2026-08-02T00:22:03.591+05:30  INFO 179728 --- [User_Service] [restartedMain] c.e.user_service.UserServiceApplication  : Starting UserServiceApplication using Java 21.0.11 with PID 179728 (D:\Dev\Backend\Enterprise_Workspace_Platform\User_Service\target\classes started by Shahid in D:\Dev\Backend\Enterprise_Workspace_Platform)
2026-08-02T00:22:03.593+05:30  INFO 179728 --- [User_Service] [restartedMain] c.e.user_service.UserServiceApplication  : No active profile set, falling back to 1 default profile: "default"
2026-08-02T00:22:03.631+05:30  INFO 179728 --- [User_Service] [restartedMain] .e.DevToolsPropertyDefaultsPostProcessor : Devtools property defaults active! Set 'spring.devtools.add-properties' to 'false' to disable
2026-08-02T00:22:03.631+05:30  INFO 179728 --- [User_Service] [restartedMain] .e.DevToolsPropertyDefaultsPostProcessor : For additional web related logging consider setting the 'logging.level.web' property to 'DEBUG'
2026-08-02T00:22:04.100+05:30  INFO 179728 --- [User_Service] [restartedMain] .s.d.r.c.RepositoryConfigurationDelegate : Bootstrapping Spring Data JPA repositories in DEFAULT mode.
2026-08-02T00:22:04.154+05:30  INFO 179728 --- [User_Service] [restartedMain] .s.d.r.c.RepositoryConfigurationDelegate : Finished Spring Data repository scanning in 47 ms. Found 2 JPA repository interfaces.
2026-08-02T00:22:04.558+05:30  INFO 179728 --- [User_Service] [restartedMain] o.s.boot.tomcat.TomcatWebServer          : Tomcat initialized with port 2000 (http)
2026-08-02T00:22:04.567+05:30  INFO 179728 --- [User_Service] [restartedMain] o.apache.catalina.core.StandardService   : Starting service [Tomcat]
2026-08-02T00:22:04.568+05:30  INFO 179728 --- [User_Service] [restartedMain] o.apache.catalina.core.StandardEngine    : Starting Servlet engine: [Apache Tomcat/11.0.22]
2026-08-02T00:22:04.605+05:30  INFO 179728 --- [User_Service] [restartedMain] b.w.c.s.WebApplicationContextInitializer : Root WebApplicationContext: initialization completed in 973 ms
2026-08-02T00:22:04.746+05:30  INFO 179728 --- [User_Service] [restartedMain] org.hibernate.orm.jpa                    : HHH008540: Processing PersistenceUnitInfo [name: default]
2026-08-02T00:22:04.821+05:30  INFO 179728 --- [User_Service] [restartedMain] org.hibernate.orm.core                   : HHH000001: Hibernate ORM core version 7.4.1.Final
2026-08-02T00:22:05.147+05:30  INFO 179728 --- [User_Service] [restartedMain] o.s.o.j.p.SpringPersistenceUnitInfo      : No LoadTimeWeaver setup: ignoring JPA class transformer
2026-08-02T00:22:05.178+05:30  INFO 179728 --- [User_Service] [restartedMain] com.zaxxer.hikari.HikariDataSource       : HikariPool-1 - Starting...
2026-08-02T00:22:05.478+05:30  INFO 179728 --- [User_Service] [restartedMain] com.zaxxer.hikari.pool.HikariPool        : HikariPool-1 - Added connection org.postgresql.jdbc.PgConnection@18a01c1f
2026-08-02T00:22:05.480+05:30  INFO 179728 --- [User_Service] [restartedMain] com.zaxxer.hikari.HikariDataSource       : HikariPool-1 - Start completed.
2026-08-02T00:22:05.530+05:30  WARN 179728 --- [User_Service] [restartedMain] org.hibernate.orm.deprecation            : HHH90000025: PostgreSQLDialect does not need to be specified explicitly using 'hibernate.dialect' (remove the property setting and it will be selected by default)
2026-08-02T00:22:05.557+05:30  INFO 179728 --- [User_Service] [restartedMain] org.hibernate.orm.connections.pooling    : HHH10001005: Database info:
	Database JDBC URL [jdbc:postgresql://localhost:5432/postgres]
	Database driver: PostgreSQL JDBC Driver
	Database dialect: PostgreSQLDialect
	Database version: 18.4
	Default catalog/schema: postgres/public
	Autocommit mode: undefined/unknown
	Isolation level: READ_COMMITTED [default READ_COMMITTED]
	JDBC fetch size: none
	Pool: DataSourceConnectionProvider
	Minimum pool size: undefined/unknown
	Maximum pool size: undefined/unknown
2026-08-02T00:22:06.485+05:30  INFO 179728 --- [User_Service] [restartedMain] org.hibernate.orm.core                   : HHH000489: No JTA platform available (set 'hibernate.transaction.jta.platform' to enable JTA platform integration)
2026-08-02T00:22:06.560+05:30  INFO 179728 --- [User_Service] [restartedMain] j.LocalContainerEntityManagerFactoryBean : Initialized JPA EntityManagerFactory for persistence unit 'default'
2026-08-02T00:22:06.618+05:30  INFO 179728 --- [User_Service] [restartedMain] o.s.d.j.r.query.QueryEnhancerFactories   : Hibernate is in classpath; If applicable, HQL parser will be used.
2026-08-02T00:22:06.811+05:30  WARN 179728 --- [User_Service] [restartedMain] JpaBaseConfiguration$JpaWebConfiguration : spring.jpa.open-in-view is enabled by default. Therefore, database queries may be performed during view rendering. Explicitly configure spring.jpa.open-in-view to disable this warning
2026-08-02T00:22:07.165+05:30  INFO 179728 --- [User_Service] [restartedMain] o.s.boot.tomcat.TomcatWebServer          : Tomcat started on port 2000 (http) with context path '/'
2026-08-02T00:22:07.171+05:30  INFO 179728 --- [User_Service] [restartedMain] c.e.user_service.UserServiceApplication  : Started UserServiceApplication in 3.929 seconds (process running for 4.557)
2026-08-02T00:22:12.003+05:30  INFO 179728 --- [User_Service] [http-nio-2000-exec-1] o.a.c.c.C.[Tomcat].[localhost].[/]       : Initializing Spring DispatcherServlet 'dispatcherServlet'
2026-08-02T00:22:12.003+05:30  INFO 179728 --- [User_Service] [http-nio-2000-exec-1] o.s.web.servlet.DispatcherServlet        : Initializing Servlet 'dispatcherServlet'
2026-08-02T00:22:12.003+05:30  INFO 179728 --- [User_Service] [http-nio-2000-exec-1] o.s.web.servlet.DispatcherServlet        : Completed initialization in 0 ms
2026-08-02T00:22:12.987+05:30  WARN 179728 --- [User_Service] [http-nio-2000-exec-1] .m.m.a.ExceptionHandlerExceptionResolver : Resolved [com.ewp.user_service.exception.InvalidRoleException: Invalid Role entered]
2026-08-02T00:27:20.837+05:30  INFO 179728 --- [User_Service] [SpringApplicationShutdownHook] o.s.boot.tomcat.GracefulShutdown         : Commencing graceful shutdown. Waiting for active requests to complete
2026-08-02T00:27:20.845+05:30  INFO 179728 --- [User_Service] [tomcat-shutdown] o.s.boot.tomcat.GracefulShutdown         : Graceful shutdown complete
2026-08-02T00:27:20.849+05:30  INFO 179728 --- [User_Service] [SpringApplicationShutdownHook] j.LocalContainerEntityManagerFactoryBean : Closing JPA EntityManagerFactory for persistence unit 'default'
2026-08-02T00:27:20.852+05:30  INFO 179728 --- [User_Service] [SpringApplicationShutdownHook] com.zaxxer.hikari.HikariDataSource       : HikariPool-1 - Shutdown initiated...
2026-08-02T00:27:20.855+05:30  INFO 179728 --- [User_Service] [SpringApplicationShutdownHook] com.zaxxer.hikari.HikariDataSource       : HikariPool-1 - Shutdown completed.
2026-08-02T00:27:22.784+05:30  INFO 12780 --- [User_Service] [restartedMain] c.e.user_service.UserServiceApplication  : Starting UserServiceApplication using Java 21.0.11 with PID 12780 (D:\Dev\Backend\Enterprise_Workspace_Platform\User_Service\target\classes started by Shahid in D:\Dev\Backend\Enterprise_Workspace_Platform)
2026-08-02T00:27:22.786+05:30  INFO 12780 --- [User_Service] [restartedMain] c.e.user_service.UserServiceApplication  : No active profile set, falling back to 1 default profile: "default"
2026-08-02T00:27:22.818+05:30  INFO 12780 --- [User_Service] [restartedMain] .e.DevToolsPropertyDefaultsPostProcessor : Devtools property defaults active! Set 'spring.devtools.add-properties' to 'false' to disable
2026-08-02T00:27:22.818+05:30  INFO 12780 --- [User_Service] [restartedMain] .e.DevToolsPropertyDefaultsPostProcessor : For additional web related logging consider setting the 'logging.level.web' property to 'DEBUG'
2026-08-02T00:27:23.317+05:30  INFO 12780 --- [User_Service] [restartedMain] .s.d.r.c.RepositoryConfigurationDelegate : Bootstrapping Spring Data JPA repositories in DEFAULT mode.
2026-08-02T00:27:23.360+05:30  INFO 12780 --- [User_Service] [restartedMain] .s.d.r.c.RepositoryConfigurationDelegate : Finished Spring Data repository scanning in 36 ms. Found 2 JPA repository interfaces.
2026-08-02T00:27:23.691+05:30  INFO 12780 --- [User_Service] [restartedMain] o.s.boot.tomcat.TomcatWebServer          : Tomcat initialized with port 2000 (http)
2026-08-02T00:27:23.703+05:30  INFO 12780 --- [User_Service] [restartedMain] o.apache.catalina.core.StandardService   : Starting service [Tomcat]
2026-08-02T00:27:23.704+05:30  INFO 12780 --- [User_Service] [restartedMain] o.apache.catalina.core.StandardEngine    : Starting Servlet engine: [Apache Tomcat/11.0.22]
2026-08-02T00:27:23.740+05:30  INFO 12780 --- [User_Service] [restartedMain] b.w.c.s.WebApplicationContextInitializer : Root WebApplicationContext: initialization completed in 921 ms
2026-08-02T00:27:23.887+05:30  INFO 12780 --- [User_Service] [restartedMain] org.hibernate.orm.jpa                    : HHH008540: Processing PersistenceUnitInfo [name: default]
2026-08-02T00:27:23.944+05:30  INFO 12780 --- [User_Service] [restartedMain] org.hibernate.orm.core                   : HHH000001: Hibernate ORM core version 7.4.1.Final
2026-08-02T00:27:24.252+05:30  INFO 12780 --- [User_Service] [restartedMain] o.s.o.j.p.SpringPersistenceUnitInfo      : No LoadTimeWeaver setup: ignoring JPA class transformer
2026-08-02T00:27:24.283+05:30  INFO 12780 --- [User_Service] [restartedMain] com.zaxxer.hikari.HikariDataSource       : HikariPool-1 - Starting...
2026-08-02T00:27:24.551+05:30  INFO 12780 --- [User_Service] [restartedMain] com.zaxxer.hikari.pool.HikariPool        : HikariPool-1 - Added connection org.postgresql.jdbc.PgConnection@3a1c0ffb
2026-08-02T00:27:24.552+05:30  INFO 12780 --- [User_Service] [restartedMain] com.zaxxer.hikari.HikariDataSource       : HikariPool-1 - Start completed.
2026-08-02T00:27:24.575+05:30  WARN 12780 --- [User_Service] [restartedMain] org.hibernate.orm.deprecation            : HHH90000025: PostgreSQLDialect does not need to be specified explicitly using 'hibernate.dialect' (remove the property setting and it will be selected by default)
2026-08-02T00:27:24.594+05:30  INFO 12780 --- [User_Service] [restartedMain] org.hibernate.orm.connections.pooling    : HHH10001005: Database info:
	Database JDBC URL [jdbc:postgresql://localhost:5432/postgres]
	Database driver: PostgreSQL JDBC Driver
	Database dialect: PostgreSQLDialect
	Database version: 18.4
	Default catalog/schema: postgres/public
	Autocommit mode: undefined/unknown
	Isolation level: READ_COMMITTED [default READ_COMMITTED]
	JDBC fetch size: none
	Pool: DataSourceConnectionProvider
	Minimum pool size: undefined/unknown
	Maximum pool size: undefined/unknown
2026-08-02T00:27:25.326+05:30  INFO 12780 --- [User_Service] [restartedMain] org.hibernate.orm.core                   : HHH000489: No JTA platform available (set 'hibernate.transaction.jta.platform' to enable JTA platform integration)
2026-08-02T00:27:25.437+05:30  INFO 12780 --- [User_Service] [restartedMain] j.LocalContainerEntityManagerFactoryBean : Initialized JPA EntityManagerFactory for persistence unit 'default'
2026-08-02T00:27:25.492+05:30  INFO 12780 --- [User_Service] [restartedMain] o.s.d.j.r.query.QueryEnhancerFactories   : Hibernate is in classpath; If applicable, HQL parser will be used.
2026-08-02T00:27:25.684+05:30  WARN 12780 --- [User_Service] [restartedMain] JpaBaseConfiguration$JpaWebConfiguration : spring.jpa.open-in-view is enabled by default. Therefore, database queries may be performed during view rendering. Explicitly configure spring.jpa.open-in-view to disable this warning
2026-08-02T00:27:26.012+05:30  INFO 12780 --- [User_Service] [restartedMain] o.s.boot.tomcat.TomcatWebServer          : Tomcat started on port 2000 (http) with context path '/'
2026-08-02T00:27:26.017+05:30  INFO 12780 --- [User_Service] [restartedMain] c.e.user_service.UserServiceApplication  : Started UserServiceApplication in 3.575 seconds (process running for 4.198)
2026-08-02T00:27:36.450+05:30  INFO 12780 --- [User_Service] [http-nio-2000-exec-1] o.a.c.c.C.[Tomcat].[localhost].[/]       : Initializing Spring DispatcherServlet 'dispatcherServlet'
2026-08-02T00:27:36.450+05:30  INFO 12780 --- [User_Service] [http-nio-2000-exec-1] o.s.web.servlet.DispatcherServlet        : Initializing Servlet 'dispatcherServlet'
2026-08-02T00:27:36.458+05:30  INFO 12780 --- [User_Service] [http-nio-2000-exec-1] o.s.web.servlet.DispatcherServlet        : Completed initialization in 2 ms
2026-08-02T00:28:00.348+05:30  INFO 12780 --- [User_Service] [SpringApplicationShutdownHook] o.s.boot.tomcat.GracefulShutdown         : Commencing graceful shutdown. Waiting for active requests to complete
2026-08-02T00:28:00.355+05:30  INFO 12780 --- [User_Service] [tomcat-shutdown] o.s.boot.tomcat.GracefulShutdown         : Graceful shutdown complete
2026-08-02T00:28:00.360+05:30  INFO 12780 --- [User_Service] [SpringApplicationShutdownHook] j.LocalContainerEntityManagerFactoryBean : Closing JPA EntityManagerFactory for persistence unit 'default'
2026-08-02T00:28:00.363+05:30  INFO 12780 --- [User_Service] [SpringApplicationShutdownHook] com.zaxxer.hikari.HikariDataSource       : HikariPool-1 - Shutdown initiated...
2026-08-02T00:28:00.368+05:30  INFO 12780 --- [User_Service] [SpringApplicationShutdownHook] com.zaxxer.hikari.HikariDataSource       : HikariPool-1 - Shutdown completed.
